date,values,variable,senario,metric
2035-05-30,33.44174,TSA,cntl,vhds
2035-05-31,33.385036,TSA,cntl,vhds
2035-06-02,33.023796,TSA,cntl,vhds
2035-06-07,33.083687,TSA,cntl,vhds
2035-06-08,33.18217,TSA,cntl,vhds
2035-06-09,33.561153,TSA,cntl,vhds
2035-06-10,33.094387,TSA,cntl,vhds
2035-06-11,33.17413,TSA,cntl,vhds
2035-06-12,33.1598,TSA,cntl,vhds
2035-06-13,33.018185,TSA,cntl,vhds
2035-06-14,33.244137,TSA,cntl,vhds
2035-06-15,33.55208,TSA,cntl,vhds
2035-06-16,33.372158,TSA,cntl,vhds
2035-06-17,33.249134,TSA,cntl,vhds
2035-06-18,33.74181,TSA,cntl,vhds
2035-06-19,33.917088,TSA,cntl,vhds
2035-06-20,33.862717,TSA,cntl,vhds
2035-06-21,33.889477,TSA,cntl,vhds
2035-06-22,33.588554,TSA,cntl,vhds
2035-06-23,33.775257,TSA,cntl,vhds
2035-06-24,33.791927,TSA,cntl,vhds
2035-06-25,34.596657,TSA,cntl,vhds
2035-06-26,33.888077,TSA,cntl,vhds
2035-06-27,33.144875,TSA,cntl,vhds
2035-06-28,33.432346,TSA,cntl,vhds
2035-06-29,33.475544,TSA,cntl,vhds
2035-06-30,33.95271,TSA,cntl,vhds
2035-07-03,33.048813,TSA,cntl,vhds
2035-07-04,33.534092,TSA,cntl,vhds
2035-07-05,34.79974,TSA,cntl,vhds
2035-07-06,34.504326,TSA,cntl,vhds
2035-07-07,33.39681,TSA,cntl,vhds
2035-07-08,33.55755,TSA,cntl,vhds
2035-07-09,33.89818,TSA,cntl,vhds
2035-07-10,33.827797,TSA,cntl,vhds
2035-07-11,34.17866,TSA,cntl,vhds
2035-07-12,33.962025,TSA,cntl,vhds
2035-07-13,36.59199,TSA,cntl,vhds
2035-07-14,34.056217,TSA,cntl,vhds
2035-07-15,34.240047,TSA,cntl,vhds
2035-07-16,33.261055,TSA,cntl,vhds
2035-07-22,33.087784,TSA,cntl,vhds
2035-07-24,33.161148,TSA,cntl,vhds
2035-07-25,33.318398,TSA,cntl,vhds
2035-07-27,33.321346,TSA,cntl,vhds
2035-07-28,33.6154,TSA,cntl,vhds
2035-07-29,33.04239,TSA,cntl,vhds
2035-07-30,34.046986,TSA,cntl,vhds
2035-07-31,34.010704,TSA,cntl,vhds
2035-08-02,33.653683,TSA,cntl,vhds
2035-08-03,34.072987,TSA,cntl,vhds
2035-08-04,33.687107,TSA,cntl,vhds
2035-08-05,33.39675,TSA,cntl,vhds
2035-08-10,33.762096,TSA,cntl,vhds
2035-08-11,33.94313,TSA,cntl,vhds
2035-08-12,34.289978,TSA,cntl,vhds
2035-08-13,34.42174,TSA,cntl,vhds
2035-08-14,34.89407,TSA,cntl,vhds
2035-08-15,35.699486,TSA,cntl,vhds
2035-08-16,35.52096,TSA,cntl,vhds
2035-08-17,33.420704,TSA,cntl,vhds
2035-09-08,33.28529,TSA,cntl,vhds
2035-09-29,33.443993,TSA,cntl,vhds
2035-10-02,33.546375,TSA,cntl,vhds
2035-10-03,33.153603,TSA,cntl,vhds
2035-10-04,33.228233,TSA,cntl,vhds
2035-10-05,33.753033,TSA,cntl,vhds
2035-10-09,33.24247,TSA,cntl,vhds
2035-10-10,33.284374,TSA,cntl,vhds
2035-10-11,33.25121,TSA,cntl,vhds
2035-10-12,33.29242,TSA,cntl,vhds
2035-10-20,33.21427,TSA,cntl,vhds
2036-05-29,33.558548,TSA,cntl,vhds
2036-05-30,33.77747,TSA,cntl,vhds
2036-05-31,33.419384,TSA,cntl,vhds
2036-06-01,33.12599,TSA,cntl,vhds
2036-06-02,33.91656,TSA,cntl,vhds
2036-06-03,33.938595,TSA,cntl,vhds
2036-06-04,33.864735,TSA,cntl,vhds
2036-06-05,33.457886,TSA,cntl,vhds
2036-06-06,33.105026,TSA,cntl,vhds
2036-06-07,33.208164,TSA,cntl,vhds
2036-06-10,34.281963,TSA,cntl,vhds
2036-07-03,33.072773,TSA,cntl,vhds
2036-07-04,33.407055,TSA,cntl,vhds
2036-07-05,33.18221,TSA,cntl,vhds
2036-07-06,33.463615,TSA,cntl,vhds
2036-07-07,33.720627,TSA,cntl,vhds
2036-07-08,33.668663,TSA,cntl,vhds
2036-07-09,33.497215,TSA,cntl,vhds
2036-07-10,33.374607,TSA,cntl,vhds
2036-07-11,33.776833,TSA,cntl,vhds
2036-07-12,33.241158,TSA,cntl,vhds
2036-07-17,33.94206,TSA,cntl,vhds
2036-07-18,34.30363,TSA,cntl,vhds
2036-07-19,34.508602,TSA,cntl,vhds
2036-07-21,33.444817,TSA,cntl,vhds
2036-07-22,33.866135,TSA,cntl,vhds
2036-07-23,33.802277,TSA,cntl,vhds
2036-07-24,34.114975,TSA,cntl,vhds
2036-07-25,34.055508,TSA,cntl,vhds
2036-07-28,33.63912,TSA,cntl,vhds
2036-07-31,33.126705,TSA,cntl,vhds
2036-08-01,33.246494,TSA,cntl,vhds
2036-08-03,33.096737,TSA,cntl,vhds
2036-08-04,33.151432,TSA,cntl,vhds
2036-08-07,33.33218,TSA,cntl,vhds
2036-08-08,33.79971,TSA,cntl,vhds
2036-08-10,34.075146,TSA,cntl,vhds
2036-08-11,35.103634,TSA,cntl,vhds
2036-08-12,36.318203,TSA,cntl,vhds
2036-08-13,36.577805,TSA,cntl,vhds
2036-08-14,36.312176,TSA,cntl,vhds
2036-08-15,35.550217,TSA,cntl,vhds
2036-08-16,35.275734,TSA,cntl,vhds
2036-08-17,34.39876,TSA,cntl,vhds
2036-08-18,34.209736,TSA,cntl,vhds
2036-08-19,35.033188,TSA,cntl,vhds
2036-08-20,34.705547,TSA,cntl,vhds
2036-08-21,35.08136,TSA,cntl,vhds
2036-08-22,35.184547,TSA,cntl,vhds
2036-08-23,34.203403,TSA,cntl,vhds
2036-08-24,35.865105,TSA,cntl,vhds
2036-08-26,33.366283,TSA,cntl,vhds
2036-08-27,33.586166,TSA,cntl,vhds
2036-08-28,33.924442,TSA,cntl,vhds
2036-08-29,34.118397,TSA,cntl,vhds
2036-08-30,33.769924,TSA,cntl,vhds
2036-08-31,33.34623,TSA,cntl,vhds
2036-09-01,34.22828,TSA,cntl,vhds
2036-09-02,34.576653,TSA,cntl,vhds
2036-09-03,34.69335,TSA,cntl,vhds
2036-09-04,34.29809,TSA,cntl,vhds
2036-09-05,33.820576,TSA,cntl,vhds
2036-09-06,33.229053,TSA,cntl,vhds
2036-09-07,34.031635,TSA,cntl,vhds
2036-09-08,34.20716,TSA,cntl,vhds
2036-09-09,33.218437,TSA,cntl,vhds
2036-09-10,33.05003,TSA,cntl,vhds
2036-09-17,33.33765,TSA,cntl,vhds
2036-09-18,33.03336,TSA,cntl,vhds
2036-09-23,33.007114,TSA,cntl,vhds
2036-10-04,33.096687,TSA,cntl,vhds
2037-05-03,33.004013,TSA,cntl,vhds
2037-06-20,34.216022,TSA,cntl,vhds
2037-06-21,33.190235,TSA,cntl,vhds
2037-06-24,33.136097,TSA,cntl,vhds
2037-06-30,33.557392,TSA,cntl,vhds
2037-07-01,33.402798,TSA,cntl,vhds
2037-07-02,33.031662,TSA,cntl,vhds
2037-07-05,34.13909,TSA,cntl,vhds
2037-07-06,33.289845,TSA,cntl,vhds
2037-07-07,33.28884,TSA,cntl,vhds
2037-07-12,33.190113,TSA,cntl,vhds
2037-07-13,33.480904,TSA,cntl,vhds
2037-07-14,33.119873,TSA,cntl,vhds
2037-07-16,33.193962,TSA,cntl,vhds
2037-07-17,33.91757,TSA,cntl,vhds
2037-07-18,33.7059,TSA,cntl,vhds
2037-07-19,33.960987,TSA,cntl,vhds
2037-07-20,33.84155,TSA,cntl,vhds
2037-07-21,33.478306,TSA,cntl,vhds
2037-07-22,33.728756,TSA,cntl,vhds
2037-07-23,34.31653,TSA,cntl,vhds
2037-07-24,34.133007,TSA,cntl,vhds
2037-07-25,33.77802,TSA,cntl,vhds
2037-07-26,33.39822,TSA,cntl,vhds
2037-07-27,33.986378,TSA,cntl,vhds
2037-07-28,33.94784,TSA,cntl,vhds
2037-07-29,34.49728,TSA,cntl,vhds
2037-07-30,34.84881,TSA,cntl,vhds
2037-07-31,33.97676,TSA,cntl,vhds
2037-08-01,33.866123,TSA,cntl,vhds
2037-08-02,34.25509,TSA,cntl,vhds
2037-08-03,34.11688,TSA,cntl,vhds
2037-08-04,34.31611,TSA,cntl,vhds
2037-08-05,34.153877,TSA,cntl,vhds
2037-08-06,34.633812,TSA,cntl,vhds
2037-08-07,34.349724,TSA,cntl,vhds
2037-08-08,33.898308,TSA,cntl,vhds
2037-08-09,33.656506,TSA,cntl,vhds
2037-08-10,34.44025,TSA,cntl,vhds
2037-08-11,33.819855,TSA,cntl,vhds
2037-08-12,33.8144,TSA,cntl,vhds
2037-08-13,33.922043,TSA,cntl,vhds
2037-08-14,33.77033,TSA,cntl,vhds
2037-08-15,33.62136,TSA,cntl,vhds
2037-08-16,33.99393,TSA,cntl,vhds
2037-08-17,33.825966,TSA,cntl,vhds
2037-08-18,34.28935,TSA,cntl,vhds
2037-08-19,33.466434,TSA,cntl,vhds
2037-08-20,33.169556,TSA,cntl,vhds
2037-08-23,33.079395,TSA,cntl,vhds
2037-08-25,34.74404,TSA,cntl,vhds
2037-08-28,33.634327,TSA,cntl,vhds
2037-09-03,33.17989,TSA,cntl,vhds
2037-09-04,33.32271,TSA,cntl,vhds
2037-09-05,33.665974,TSA,cntl,vhds
2037-09-06,34.690205,TSA,cntl,vhds
2037-09-10,34.069878,TSA,cntl,vhds
2037-09-11,33.022472,TSA,cntl,vhds
2037-09-12,33.982075,TSA,cntl,vhds
2037-09-14,33.586746,TSA,cntl,vhds
2037-09-15,33.1667,TSA,cntl,vhds
2038-04-21,33.078316,TSA,cntl,vhds
2038-06-18,33.155464,TSA,cntl,vhds
2038-06-23,33.226463,TSA,cntl,vhds
2038-06-24,33.801487,TSA,cntl,vhds
2038-06-25,33.729237,TSA,cntl,vhds
2038-06-26,33.781567,TSA,cntl,vhds
2038-06-27,33.474167,TSA,cntl,vhds
2038-06-28,33.608837,TSA,cntl,vhds
2038-06-29,33.327084,TSA,cntl,vhds
2038-06-30,33.70815,TSA,cntl,vhds
2038-07-01,33.681335,TSA,cntl,vhds
2038-07-02,33.56939,TSA,cntl,vhds
2038-07-03,34.343887,TSA,cntl,vhds
2038-07-04,34.231262,TSA,cntl,vhds
2038-07-05,33.61762,TSA,cntl,vhds
2038-07-07,33.268803,TSA,cntl,vhds
2038-07-08,33.631596,TSA,cntl,vhds
2038-07-09,33.689926,TSA,cntl,vhds
2038-07-10,33.700085,TSA,cntl,vhds
2038-07-11,33.80584,TSA,cntl,vhds
2038-07-12,33.517242,TSA,cntl,vhds
2038-07-13,33.28519,TSA,cntl,vhds
2038-07-14,33.13899,TSA,cntl,vhds
2038-07-15,33.900066,TSA,cntl,vhds
2038-07-16,35.013767,TSA,cntl,vhds
2038-07-17,34.794163,TSA,cntl,vhds
2038-07-19,34.273537,TSA,cntl,vhds
2038-07-20,34.31854,TSA,cntl,vhds
2038-07-22,33.597282,TSA,cntl,vhds
2038-07-26,33.59986,TSA,cntl,vhds
2038-07-27,33.920975,TSA,cntl,vhds
2038-07-28,34.048897,TSA,cntl,vhds
2038-07-30,34.10847,TSA,cntl,vhds
2038-07-31,34.366234,TSA,cntl,vhds
2038-08-01,35.03446,TSA,cntl,vhds
2038-08-02,34.849495,TSA,cntl,vhds
2038-08-03,34.891552,TSA,cntl,vhds
2038-08-04,34.74318,TSA,cntl,vhds
2038-08-05,34.92788,TSA,cntl,vhds
2038-08-06,33.963123,TSA,cntl,vhds
2038-08-07,34.483234,TSA,cntl,vhds
2038-08-08,34.929726,TSA,cntl,vhds
2038-08-09,34.538994,TSA,cntl,vhds
2038-08-10,35.10857,TSA,cntl,vhds
2038-08-11,36.007484,TSA,cntl,vhds
2038-08-12,36.28882,TSA,cntl,vhds
2038-08-13,35.573284,TSA,cntl,vhds
2038-08-14,35.36792,TSA,cntl,vhds
2038-08-16,37.571083,TSA,cntl,vhds
2038-08-17,37.80381,TSA,cntl,vhds
2038-08-18,35.951897,TSA,cntl,vhds
2038-08-19,34.971493,TSA,cntl,vhds
2038-08-20,34.990208,TSA,cntl,vhds
2038-08-21,34.466633,TSA,cntl,vhds
2038-08-22,34.42288,TSA,cntl,vhds
2038-08-24,35.31099,TSA,cntl,vhds
2038-08-25,36.23094,TSA,cntl,vhds
2038-08-26,35.503086,TSA,cntl,vhds
2038-08-28,34.664867,TSA,cntl,vhds
2038-08-29,34.007725,TSA,cntl,vhds
2038-08-30,34.779903,TSA,cntl,vhds
2038-08-31,34.801414,TSA,cntl,vhds
2038-09-02,34.063713,TSA,cntl,vhds
2038-09-04,33.050144,TSA,cntl,vhds
2038-09-06,33.090603,TSA,cntl,vhds
2038-09-08,33.474865,TSA,cntl,vhds
2038-09-18,33.160213,TSA,cntl,vhds
2038-10-02,34.14384,TSA,cntl,vhds
2038-10-03,34.852585,TSA,cntl,vhds
2038-10-04,34.680134,TSA,cntl,vhds
2038-10-13,33.452732,TSA,cntl,vhds
2039-05-15,33.29743,TSA,cntl,vhds
2039-05-16,33.56065,TSA,cntl,vhds
2039-05-25,33.04093,TSA,cntl,vhds
2039-05-26,33.02416,TSA,cntl,vhds
2039-05-27,33.082256,TSA,cntl,vhds
2039-06-03,33.112488,TSA,cntl,vhds
2039-06-06,35.25529,TSA,cntl,vhds
2039-06-07,33.123802,TSA,cntl,vhds
2039-06-09,33.333115,TSA,cntl,vhds
2039-06-17,33.304237,TSA,cntl,vhds
2039-06-18,33.387264,TSA,cntl,vhds
2039-06-22,33.770226,TSA,cntl,vhds
2039-06-23,33.557087,TSA,cntl,vhds
2039-06-27,33.022205,TSA,cntl,vhds
2039-06-29,33.190685,TSA,cntl,vhds
2039-06-30,33.799694,TSA,cntl,vhds
2039-07-01,33.861378,TSA,cntl,vhds
2039-07-02,34.093937,TSA,cntl,vhds
2039-07-03,33.829147,TSA,cntl,vhds
2039-07-04,34.240807,TSA,cntl,vhds
2039-07-05,34.59825,TSA,cntl,vhds
2039-07-06,35.839737,TSA,cntl,vhds
2039-07-07,34.826164,TSA,cntl,vhds
2039-07-09,33.14311,TSA,cntl,vhds
2039-07-11,33.689114,TSA,cntl,vhds
2039-07-12,33.910404,TSA,cntl,vhds
2039-07-13,33.10456,TSA,cntl,vhds
2039-07-14,33.919914,TSA,cntl,vhds
2039-07-15,34.319637,TSA,cntl,vhds
2039-07-16,34.13624,TSA,cntl,vhds
2039-07-17,34.122486,TSA,cntl,vhds
2039-07-18,33.99125,TSA,cntl,vhds
2039-07-19,33.51273,TSA,cntl,vhds
2039-07-20,33.864315,TSA,cntl,vhds
2039-07-21,34.93219,TSA,cntl,vhds
2039-07-23,33.197124,TSA,cntl,vhds
2039-07-24,33.06968,TSA,cntl,vhds
2039-07-25,33.448505,TSA,cntl,vhds
2039-07-28,33.068985,TSA,cntl,vhds
2039-07-30,33.005516,TSA,cntl,vhds
2039-08-04,33.83677,TSA,cntl,vhds
2039-08-05,33.91432,TSA,cntl,vhds
2039-08-06,34.07812,TSA,cntl,vhds
2039-08-07,34.464,TSA,cntl,vhds
2039-08-08,34.87128,TSA,cntl,vhds
2039-08-09,33.882687,TSA,cntl,vhds
2039-08-11,33.3438,TSA,cntl,vhds
2039-08-12,34.23128,TSA,cntl,vhds
2039-08-13,34.73682,TSA,cntl,vhds
2039-08-14,34.752033,TSA,cntl,vhds
2039-08-15,35.100163,TSA,cntl,vhds
2039-08-16,34.741684,TSA,cntl,vhds
2039-08-17,35.64451,TSA,cntl,vhds
2039-08-18,35.176537,TSA,cntl,vhds
2039-08-19,34.46782,TSA,cntl,vhds
2039-08-20,34.696056,TSA,cntl,vhds
2039-08-21,33.99743,TSA,cntl,vhds
2039-08-22,33.578453,TSA,cntl,vhds
2039-08-23,33.008965,TSA,cntl,vhds
2039-08-24,33.929325,TSA,cntl,vhds
2039-08-25,34.605835,TSA,cntl,vhds
2039-08-26,34.67987,TSA,cntl,vhds
2039-08-27,35.481094,TSA,cntl,vhds
2039-08-28,34.635426,TSA,cntl,vhds
2039-08-29,34.278557,TSA,cntl,vhds
2039-08-30,33.0343,TSA,cntl,vhds
2039-08-31,34.178707,TSA,cntl,vhds
2039-09-01,33.960876,TSA,cntl,vhds
2039-09-02,33.573994,TSA,cntl,vhds
2039-09-08,33.147846,TSA,cntl,vhds
2039-09-09,33.60153,TSA,cntl,vhds
2039-09-10,33.242226,TSA,cntl,vhds
2039-09-11,34.046272,TSA,cntl,vhds
2039-09-12,33.5072,TSA,cntl,vhds
2039-09-14,33.370335,TSA,cntl,vhds
2039-09-15,33.527897,TSA,cntl,vhds
2039-09-17,35.705616,TSA,cntl,vhds
2039-09-18,36.059715,TSA,cntl,vhds
2039-09-19,34.679707,TSA,cntl,vhds
2035-04-23,33.074193826743425,TSA_U,cntl,vhds
2035-05-11,33.29145951525285,TSA_U,cntl,vhds
2035-05-12,33.41744677244742,TSA_U,cntl,vhds
2035-05-13,33.79382864383421,TSA_U,cntl,vhds
2035-05-17,34.738016397146666,TSA_U,cntl,vhds
2035-05-18,34.51288437217262,TSA_U,cntl,vhds
2035-05-19,33.568849548956244,TSA_U,cntl,vhds
2035-05-21,34.03916651154528,TSA_U,cntl,vhds
2035-05-24,33.74201832973025,TSA_U,cntl,vhds
2035-05-26,33.77547858559252,TSA_U,cntl,vhds
2035-05-27,33.088904007735955,TSA_U,cntl,vhds
2035-05-28,34.61185137195049,TSA_U,cntl,vhds
2035-05-29,34.8893309188408,TSA_U,cntl,vhds
2035-05-30,35.51997936085338,TSA_U,cntl,vhds
2035-05-31,35.2520982082721,TSA_U,cntl,vhds
2035-06-01,34.88652922590152,TSA_U,cntl,vhds
2035-06-02,35.052560117675334,TSA_U,cntl,vhds
2035-06-03,35.48272992954178,TSA_U,cntl,vhds
2035-06-04,34.77317721701663,TSA_U,cntl,vhds
2035-06-05,34.94312600424313,TSA_U,cntl,vhds
2035-06-06,35.04434654838848,TSA_U,cntl,vhds
2035-06-07,35.550432236186154,TSA_U,cntl,vhds
2035-06-08,35.75533241216144,TSA_U,cntl,vhds
2035-06-09,36.22868651971228,TSA_U,cntl,vhds
2035-06-10,35.61641545409431,TSA_U,cntl,vhds
2035-06-11,35.60712117787824,TSA_U,cntl,vhds
2035-06-12,35.56005149614501,TSA_U,cntl,vhds
2035-06-13,35.413109566662136,TSA_U,cntl,vhds
2035-06-14,35.75614627976427,TSA_U,cntl,vhds
2035-06-15,35.91472231462841,TSA_U,cntl,vhds
2035-06-16,35.630495674980985,TSA_U,cntl,vhds
2035-06-17,35.48593418705581,TSA_U,cntl,vhds
2035-06-18,36.0665717703659,TSA_U,cntl,vhds
2035-06-19,36.13040981782482,TSA_U,cntl,vhds
2035-06-20,36.170021200953045,TSA_U,cntl,vhds
2035-06-21,36.28481525156888,TSA_U,cntl,vhds
2035-06-22,35.728350205148104,TSA_U,cntl,vhds
2035-06-23,36.13464987201113,TSA_U,cntl,vhds
2035-06-24,36.03878500324303,TSA_U,cntl,vhds
2035-06-25,37.20580428167487,TSA_U,cntl,vhds
2035-06-26,35.96037845025678,TSA_U,cntl,vhds
2035-06-27,35.154342392393694,TSA_U,cntl,vhds
2035-06-28,35.58588054171208,TSA_U,cntl,vhds
2035-06-29,35.590728805378994,TSA_U,cntl,vhds
2035-06-30,35.93593051124622,TSA_U,cntl,vhds
2035-07-01,34.549155759716754,TSA_U,cntl,vhds
2035-07-02,34.45992058044994,TSA_U,cntl,vhds
2035-07-03,34.9698956338992,TSA_U,cntl,vhds
2035-07-04,35.25876962424853,TSA_U,cntl,vhds
2035-07-05,36.420030013025,TSA_U,cntl,vhds
2035-07-06,36.169303580049736,TSA_U,cntl,vhds
2035-07-07,35.178831980455904,TSA_U,cntl,vhds
2035-07-08,35.324107416574016,TSA_U,cntl,vhds
2035-07-09,35.721183176468834,TSA_U,cntl,vhds
2035-07-10,35.851102449755274,TSA_U,cntl,vhds
2035-07-11,36.5199054396433,TSA_U,cntl,vhds
2035-07-12,35.809749646458094,TSA_U,cntl,vhds
2035-07-13,38.90897346659262,TSA_U,cntl,vhds
2035-07-14,35.97983236568716,TSA_U,cntl,vhds
2035-07-15,36.23556201455592,TSA_U,cntl,vhds
2035-07-16,35.34959728459292,TSA_U,cntl,vhds
2035-07-18,34.41768405505094,TSA_U,cntl,vhds
2035-07-19,33.520984321149314,TSA_U,cntl,vhds
2035-07-21,33.39561272756953,TSA_U,cntl,vhds
2035-07-22,34.75384542042838,TSA_U,cntl,vhds
2035-07-24,34.52448737154844,TSA_U,cntl,vhds
2035-07-25,34.76759354547129,TSA_U,cntl,vhds
2035-07-26,34.40022381366855,TSA_U,cntl,vhds
2035-07-27,35.02112722622219,TSA_U,cntl,vhds
2035-07-28,35.48238776517315,TSA_U,cntl,vhds
2035-07-29,34.49155848582564,TSA_U,cntl,vhds
2035-07-30,35.176351378089535,TSA_U,cntl,vhds
2035-07-31,35.80834254405279,TSA_U,cntl,vhds
2035-08-01,34.62676695717414,TSA_U,cntl,vhds
2035-08-02,35.56686073057074,TSA_U,cntl,vhds
2035-08-03,35.98916223504062,TSA_U,cntl,vhds
2035-08-04,35.68089971206085,TSA_U,cntl,vhds
2035-08-05,34.85997796636104,TSA_U,cntl,vhds
2035-08-06,33.9292237654724,TSA_U,cntl,vhds
2035-08-07,34.476314795130065,TSA_U,cntl,vhds
2035-08-08,34.17436118835495,TSA_U,cntl,vhds
2035-08-09,34.118745859209234,TSA_U,cntl,vhds
2035-08-10,35.53720634153736,TSA_U,cntl,vhds
2035-08-11,35.61905833803494,TSA_U,cntl,vhds
2035-08-12,35.88221655493572,TSA_U,cntl,vhds
2035-08-13,35.857045030877494,TSA_U,cntl,vhds
2035-08-14,36.15083301428594,TSA_U,cntl,vhds
2035-08-15,36.91132066025085,TSA_U,cntl,vhds
2035-08-16,37.0886234253116,TSA_U,cntl,vhds
2035-08-17,35.46478123092771,TSA_U,cntl,vhds
2035-08-21,34.32314908900139,TSA_U,cntl,vhds
2035-08-22,34.811480312046044,TSA_U,cntl,vhds
2035-08-23,33.834200328592765,TSA_U,cntl,vhds
2035-08-24,34.14123795880579,TSA_U,cntl,vhds
2035-08-25,34.671948596518725,TSA_U,cntl,vhds
2035-08-26,34.33839517651298,TSA_U,cntl,vhds
2035-08-27,34.87411556913897,TSA_U,cntl,vhds
2035-08-28,34.6148079522487,TSA_U,cntl,vhds
2035-08-29,34.23500003617113,TSA_U,cntl,vhds
2035-08-30,34.90198961647202,TSA_U,cntl,vhds
2035-08-31,34.56700779472168,TSA_U,cntl,vhds
2035-09-01,34.98268261361976,TSA_U,cntl,vhds
2035-09-02,33.661256294870704,TSA_U,cntl,vhds
2035-09-03,34.295675490066834,TSA_U,cntl,vhds
2035-09-04,34.01383434799663,TSA_U,cntl,vhds
2035-09-06,33.65420309962238,TSA_U,cntl,vhds
2035-09-07,34.46957437562134,TSA_U,cntl,vhds
2035-09-08,35.18297589724778,TSA_U,cntl,vhds
2035-09-09,33.63641855472772,TSA_U,cntl,vhds
2035-09-11,33.78816904332711,TSA_U,cntl,vhds
2035-09-12,33.18494494354909,TSA_U,cntl,vhds
2035-09-13,33.96356179493392,TSA_U,cntl,vhds
2035-09-14,33.9409557145709,TSA_U,cntl,vhds
2035-09-15,34.17426569521822,TSA_U,cntl,vhds
2035-09-16,33.764080592575546,TSA_U,cntl,vhds
2035-09-17,34.10014027895498,TSA_U,cntl,vhds
2035-09-18,33.97596071499494,TSA_U,cntl,vhds
2035-09-19,34.36424792774008,TSA_U,cntl,vhds
2035-09-20,33.56231073726565,TSA_U,cntl,vhds
2035-09-21,34.606396449962745,TSA_U,cntl,vhds
2035-09-22,34.15554363091425,TSA_U,cntl,vhds
2035-09-23,34.91221521767098,TSA_U,cntl,vhds
2035-09-24,34.73869071760094,TSA_U,cntl,vhds
2035-09-25,33.9076757837917,TSA_U,cntl,vhds
2035-09-26,34.7043180559593,TSA_U,cntl,vhds
2035-09-28,33.70294195420278,TSA_U,cntl,vhds
2035-09-29,35.71322974409642,TSA_U,cntl,vhds
2035-09-30,33.68167672561456,TSA_U,cntl,vhds
2035-10-01,34.66217982019595,TSA_U,cntl,vhds
2035-10-02,35.317648149022986,TSA_U,cntl,vhds
2035-10-03,35.325238518230265,TSA_U,cntl,vhds
2035-10-04,35.41153034286884,TSA_U,cntl,vhds
2035-10-05,36.25875296823659,TSA_U,cntl,vhds
2035-10-06,35.08988004945053,TSA_U,cntl,vhds
2035-10-07,34.20040773672064,TSA_U,cntl,vhds
2035-10-08,34.4416589940546,TSA_U,cntl,vhds
2035-10-09,35.462636172392905,TSA_U,cntl,vhds
2035-10-10,35.457374011181734,TSA_U,cntl,vhds
2035-10-11,35.40889181289974,TSA_U,cntl,vhds
2035-10-12,35.30605051069742,TSA_U,cntl,vhds
2035-10-13,34.322390491715225,TSA_U,cntl,vhds
2035-10-14,34.06599267891334,TSA_U,cntl,vhds
2035-10-15,34.04795454084011,TSA_U,cntl,vhds
2035-10-16,33.87156008223436,TSA_U,cntl,vhds
2035-10-17,35.074961088643086,TSA_U,cntl,vhds
2035-10-18,34.14820668845026,TSA_U,cntl,vhds
2035-10-19,34.25951809955493,TSA_U,cntl,vhds
2035-10-20,35.64434789112194,TSA_U,cntl,vhds
2035-10-21,33.0305825294073,TSA_U,cntl,vhds
2035-10-24,33.65498489782547,TSA_U,cntl,vhds
2035-10-25,33.40211141899185,TSA_U,cntl,vhds
2035-10-26,33.67153539015535,TSA_U,cntl,vhds
2036-04-16,33.107899587845075,TSA_U,cntl,vhds
2036-04-17,33.4131480115019,TSA_U,cntl,vhds
2036-04-22,33.00441567746768,TSA_U,cntl,vhds
2036-04-29,33.54592354016668,TSA_U,cntl,vhds
2036-04-30,33.94312399179374,TSA_U,cntl,vhds
2036-05-01,33.70373491704483,TSA_U,cntl,vhds
2036-05-03,33.06444736005657,TSA_U,cntl,vhds
2036-05-23,33.23973375264457,TSA_U,cntl,vhds
2036-05-24,34.21850398987978,TSA_U,cntl,vhds
2036-05-25,33.71745220445801,TSA_U,cntl,vhds
2036-05-28,34.435564198504494,TSA_U,cntl,vhds
2036-05-29,35.384390437453405,TSA_U,cntl,vhds
2036-05-30,35.61975222228989,TSA_U,cntl,vhds
2036-05-31,35.1963848811229,TSA_U,cntl,vhds
2036-06-01,34.95866075935963,TSA_U,cntl,vhds
2036-06-02,35.479554838445075,TSA_U,cntl,vhds
2036-06-03,35.599901351539344,TSA_U,cntl,vhds
2036-06-04,36.09028964457814,TSA_U,cntl,vhds
2036-06-05,35.60936963060666,TSA_U,cntl,vhds
2036-06-06,34.909695601087265,TSA_U,cntl,vhds
2036-06-07,34.84821041722913,TSA_U,cntl,vhds
2036-06-10,36.2099696267436,TSA_U,cntl,vhds
2036-06-11,33.663295345756055,TSA_U,cntl,vhds
2036-06-18,33.97750761566924,TSA_U,cntl,vhds
2036-06-19,34.466173651341855,TSA_U,cntl,vhds
2036-06-20,34.38808029153335,TSA_U,cntl,vhds
2036-06-21,34.4057967181812,TSA_U,cntl,vhds
2036-06-22,34.67798679373994,TSA_U,cntl,vhds
2036-06-23,33.94169997430227,TSA_U,cntl,vhds
2036-06-24,33.56485554651598,TSA_U,cntl,vhds
2036-06-25,33.88111969515575,TSA_U,cntl,vhds
2036-06-26,34.66852399676771,TSA_U,cntl,vhds
2036-06-27,35.00058271806771,TSA_U,cntl,vhds
2036-06-28,33.70884609333346,TSA_U,cntl,vhds
2036-06-29,33.94857353210635,TSA_U,cntl,vhds
2036-06-30,34.1879491706615,TSA_U,cntl,vhds
2036-07-01,34.28011393609648,TSA_U,cntl,vhds
2036-07-03,35.061540158285325,TSA_U,cntl,vhds
2036-07-04,35.629600792566244,TSA_U,cntl,vhds
2036-07-05,35.50559119804988,TSA_U,cntl,vhds
2036-07-06,35.49070789632819,TSA_U,cntl,vhds
2036-07-07,36.049271933453,TSA_U,cntl,vhds
2036-07-08,35.94511262722642,TSA_U,cntl,vhds
2036-07-09,35.720752332701466,TSA_U,cntl,vhds
2036-07-10,35.27283619757297,TSA_U,cntl,vhds
2036-07-11,35.64518490859545,TSA_U,cntl,vhds
2036-07-12,35.44316070778745,TSA_U,cntl,vhds
2036-07-13,35.02480751839833,TSA_U,cntl,vhds
2036-07-15,33.4309332277033,TSA_U,cntl,vhds
2036-07-16,34.63714675753825,TSA_U,cntl,vhds
2036-07-17,36.157117565019625,TSA_U,cntl,vhds
2036-07-18,36.77135177502468,TSA_U,cntl,vhds
2036-07-19,36.924737622570674,TSA_U,cntl,vhds
2036-07-20,34.74823838330762,TSA_U,cntl,vhds
2036-07-21,35.6216193546088,TSA_U,cntl,vhds
2036-07-22,36.03530078619392,TSA_U,cntl,vhds
2036-07-23,35.75684872648354,TSA_U,cntl,vhds
2036-07-24,36.15964791403312,TSA_U,cntl,vhds
2036-07-25,36.17754086023984,TSA_U,cntl,vhds
2036-07-26,34.10327724819862,TSA_U,cntl,vhds
2036-07-27,34.50307963052645,TSA_U,cntl,vhds
2036-07-28,35.53743310172898,TSA_U,cntl,vhds
2036-07-29,34.48474312332432,TSA_U,cntl,vhds
2036-07-30,33.75850682014473,TSA_U,cntl,vhds
2036-07-31,34.84646267888749,TSA_U,cntl,vhds
2036-08-01,34.99665337714338,TSA_U,cntl,vhds
2036-08-02,34.53883133022233,TSA_U,cntl,vhds
2036-08-03,34.93755485848153,TSA_U,cntl,vhds
2036-08-04,35.09053449535824,TSA_U,cntl,vhds
2036-08-05,33.42414229138935,TSA_U,cntl,vhds
2036-08-06,33.41231216542975,TSA_U,cntl,vhds
2036-08-07,35.25490093264949,TSA_U,cntl,vhds
2036-08-08,35.95402163277323,TSA_U,cntl,vhds
2036-08-09,34.35686145407245,TSA_U,cntl,vhds
2036-08-10,35.733172362845465,TSA_U,cntl,vhds
2036-08-11,36.67428950539756,TSA_U,cntl,vhds
2036-08-12,37.998362057780085,TSA_U,cntl,vhds
2036-08-13,38.11697772029486,TSA_U,cntl,vhds
2036-08-14,37.98444766419908,TSA_U,cntl,vhds
2036-08-15,37.6060883714165,TSA_U,cntl,vhds
2036-08-16,37.36734341369552,TSA_U,cntl,vhds
2036-08-17,36.3339569852033,TSA_U,cntl,vhds
2036-08-18,36.15281744090307,TSA_U,cntl,vhds
2036-08-19,36.79391638921097,TSA_U,cntl,vhds
2036-08-20,36.35298311080826,TSA_U,cntl,vhds
2036-08-21,37.00545419296176,TSA_U,cntl,vhds
2036-08-22,36.68150459309972,TSA_U,cntl,vhds
2036-08-23,35.569802511131336,TSA_U,cntl,vhds
2036-08-24,37.20584336308872,TSA_U,cntl,vhds
2036-08-26,34.86772913578327,TSA_U,cntl,vhds
2036-08-27,35.0616691442485,TSA_U,cntl,vhds
2036-08-28,35.36617096306895,TSA_U,cntl,vhds
2036-08-29,35.76309728693477,TSA_U,cntl,vhds
2036-08-30,35.47859304737263,TSA_U,cntl,vhds
2036-08-31,35.13844281469666,TSA_U,cntl,vhds
2036-09-01,36.15072823797495,TSA_U,cntl,vhds
2036-09-02,36.6258599933524,TSA_U,cntl,vhds
2036-09-03,36.58844178806591,TSA_U,cntl,vhds
2036-09-04,36.1199503649277,TSA_U,cntl,vhds
2036-09-05,35.37985948340943,TSA_U,cntl,vhds
2036-09-06,34.6732065405401,TSA_U,cntl,vhds
2036-09-07,35.68847800142132,TSA_U,cntl,vhds
2036-09-08,35.84840638628176,TSA_U,cntl,vhds
2036-09-09,35.03366217238066,TSA_U,cntl,vhds
2036-09-10,34.536146916631985,TSA_U,cntl,vhds
2036-09-11,34.270714867827834,TSA_U,cntl,vhds
2036-09-12,34.091158133888335,TSA_U,cntl,vhds
2036-09-13,34.01263607497671,TSA_U,cntl,vhds
2036-09-14,34.26099447410102,TSA_U,cntl,vhds
2036-09-15,34.10635337543473,TSA_U,cntl,vhds
2036-09-16,34.46989645673166,TSA_U,cntl,vhds
2036-09-17,35.15121444057365,TSA_U,cntl,vhds
2036-09-18,34.61611574122079,TSA_U,cntl,vhds
2036-09-19,34.26622956927905,TSA_U,cntl,vhds
2036-09-21,34.37686563861949,TSA_U,cntl,vhds
2036-09-22,33.74282667670654,TSA_U,cntl,vhds
2036-09-23,34.47820960063499,TSA_U,cntl,vhds
2036-09-24,33.2230156043404,TSA_U,cntl,vhds
2036-09-25,34.044398454015635,TSA_U,cntl,vhds
2036-09-26,33.366281894905626,TSA_U,cntl,vhds
2036-09-27,34.13932689286489,TSA_U,cntl,vhds
2036-09-28,33.58166113750763,TSA_U,cntl,vhds
2036-09-29,33.30919770351207,TSA_U,cntl,vhds
2036-10-02,33.77119357102629,TSA_U,cntl,vhds
2036-10-04,35.14073209878554,TSA_U,cntl,vhds
2036-10-05,34.82586941715378,TSA_U,cntl,vhds
2036-10-06,33.947434210963806,TSA_U,cntl,vhds
2036-10-07,33.34560738861771,TSA_U,cntl,vhds
2036-10-08,33.63378463608398,TSA_U,cntl,vhds
2036-10-09,33.84394762694346,TSA_U,cntl,vhds
2036-10-10,33.15505017059667,TSA_U,cntl,vhds
2036-10-19,33.04604516094745,TSA_U,cntl,vhds
2036-10-21,33.237454009857025,TSA_U,cntl,vhds
2036-10-24,33.13543115065877,TSA_U,cntl,vhds
2036-10-25,33.63439185202325,TSA_U,cntl,vhds
2037-05-03,34.359726664673644,TSA_U,cntl,vhds
2037-05-10,33.55762953561507,TSA_U,cntl,vhds
2037-05-13,33.0233356561243,TSA_U,cntl,vhds
2037-05-15,33.36230777828364,TSA_U,cntl,vhds
2037-05-24,33.25839029285457,TSA_U,cntl,vhds
2037-05-26,33.115256573223064,TSA_U,cntl,vhds
2037-06-02,33.01073136963891,TSA_U,cntl,vhds
2037-06-03,33.713895106914315,TSA_U,cntl,vhds
2037-06-04,33.789769470126934,TSA_U,cntl,vhds
2037-06-05,34.39541637141252,TSA_U,cntl,vhds
2037-06-06,33.73717705731456,TSA_U,cntl,vhds
2037-06-07,33.99923384385384,TSA_U,cntl,vhds
2037-06-08,34.091128926674706,TSA_U,cntl,vhds
2037-06-09,34.04278772339273,TSA_U,cntl,vhds
2037-06-10,33.72998143960229,TSA_U,cntl,vhds
2037-06-11,34.376836185815414,TSA_U,cntl,vhds
2037-06-12,34.139587356830255,TSA_U,cntl,vhds
2037-06-13,34.16091949940243,TSA_U,cntl,vhds
2037-06-14,34.68458366887009,TSA_U,cntl,vhds
2037-06-15,34.60469661653105,TSA_U,cntl,vhds
2037-06-16,34.06822725070113,TSA_U,cntl,vhds
2037-06-17,33.64780259426494,TSA_U,cntl,vhds
2037-06-18,33.06499199028206,TSA_U,cntl,vhds
2037-06-19,34.52444258472401,TSA_U,cntl,vhds
2037-06-20,36.48164945409754,TSA_U,cntl,vhds
2037-06-21,35.151244473140274,TSA_U,cntl,vhds
2037-06-22,33.840845228895134,TSA_U,cntl,vhds
2037-06-23,34.604751038299455,TSA_U,cntl,vhds
2037-06-24,35.02414040244693,TSA_U,cntl,vhds
2037-06-25,34.72438877719862,TSA_U,cntl,vhds
2037-06-26,34.6694428093308,TSA_U,cntl,vhds
2037-06-27,34.312165125204466,TSA_U,cntl,vhds
2037-06-29,34.66888045231502,TSA_U,cntl,vhds
2037-06-30,35.34848402344738,TSA_U,cntl,vhds
2037-07-01,35.115310458847304,TSA_U,cntl,vhds
2037-07-02,34.629109232555855,TSA_U,cntl,vhds
2037-07-03,33.31841913925173,TSA_U,cntl,vhds
2037-07-04,34.80935471121061,TSA_U,cntl,vhds
2037-07-05,36.409934388810186,TSA_U,cntl,vhds
2037-07-06,35.89804542847348,TSA_U,cntl,vhds
2037-07-07,35.78669695258108,TSA_U,cntl,vhds
2037-07-08,33.67075422588473,TSA_U,cntl,vhds
2037-07-09,34.22194270861838,TSA_U,cntl,vhds
2037-07-10,35.06887288464342,TSA_U,cntl,vhds
2037-07-11,35.02228652842373,TSA_U,cntl,vhds
2037-07-12,35.33120694953645,TSA_U,cntl,vhds
2037-07-13,35.601268224729296,TSA_U,cntl,vhds
2037-07-14,35.25568272240455,TSA_U,cntl,vhds
2037-07-15,34.61109528443941,TSA_U,cntl,vhds
2037-07-16,35.400124340281465,TSA_U,cntl,vhds
2037-07-17,36.28982267592685,TSA_U,cntl,vhds
2037-07-18,36.09445557048425,TSA_U,cntl,vhds
2037-07-19,36.31602939745891,TSA_U,cntl,vhds
2037-07-20,36.219050354579416,TSA_U,cntl,vhds
2037-07-21,35.6306236221244,TSA_U,cntl,vhds
2037-07-22,35.952575071958115,TSA_U,cntl,vhds
2037-07-23,36.32100421602506,TSA_U,cntl,vhds
2037-07-24,36.1970976725419,TSA_U,cntl,vhds
2037-07-25,35.593957248912105,TSA_U,cntl,vhds
2037-07-26,35.39308749832331,TSA_U,cntl,vhds
2037-07-27,35.951661312451435,TSA_U,cntl,vhds
2037-07-28,35.893312421524584,TSA_U,cntl,vhds
2037-07-29,36.48904206604181,TSA_U,cntl,vhds
2037-07-30,36.91237420704599,TSA_U,cntl,vhds
2037-07-31,36.04919051232961,TSA_U,cntl,vhds
2037-08-01,36.31639033029955,TSA_U,cntl,vhds
2037-08-02,36.61991306097761,TSA_U,cntl,vhds
2037-08-03,36.33635381108629,TSA_U,cntl,vhds
2037-08-04,36.669500886303965,TSA_U,cntl,vhds
2037-08-05,36.04473372016076,TSA_U,cntl,vhds
2037-08-06,36.85518848598154,TSA_U,cntl,vhds
2037-08-07,36.55356633694282,TSA_U,cntl,vhds
2037-08-08,36.18508190378077,TSA_U,cntl,vhds
2037-08-09,35.25316231937517,TSA_U,cntl,vhds
2037-08-10,36.47739506338765,TSA_U,cntl,vhds
2037-08-11,36.09070594041334,TSA_U,cntl,vhds
2037-08-12,35.97912687099932,TSA_U,cntl,vhds
2037-08-13,36.07517038893337,TSA_U,cntl,vhds
2037-08-14,35.74251715693442,TSA_U,cntl,vhds
2037-08-15,35.69198568310192,TSA_U,cntl,vhds
2037-08-16,36.21152037600598,TSA_U,cntl,vhds
2037-08-17,36.1720211391748,TSA_U,cntl,vhds
2037-08-18,36.30556648078801,TSA_U,cntl,vhds
2037-08-19,35.3737505284418,TSA_U,cntl,vhds
2037-08-20,35.18731955793143,TSA_U,cntl,vhds
2037-08-21,34.57374668758474,TSA_U,cntl,vhds
2037-08-22,34.13624163430576,TSA_U,cntl,vhds
2037-08-23,34.731827423841345,TSA_U,cntl,vhds
2037-08-25,36.67588678094052,TSA_U,cntl,vhds
2037-08-26,33.920922276389256,TSA_U,cntl,vhds
2037-08-27,35.00699920855428,TSA_U,cntl,vhds
2037-08-28,36.17949064690716,TSA_U,cntl,vhds
2037-08-29,35.02327765449022,TSA_U,cntl,vhds
2037-08-30,33.62104328677068,TSA_U,cntl,vhds
2037-08-31,34.416711553611485,TSA_U,cntl,vhds
2037-09-01,34.44556998137807,TSA_U,cntl,vhds
2037-09-02,34.46765905574624,TSA_U,cntl,vhds
2037-09-03,34.71531332526158,TSA_U,cntl,vhds
2037-09-04,34.914532662600514,TSA_U,cntl,vhds
2037-09-05,35.230241831360786,TSA_U,cntl,vhds
2037-09-06,36.31336697052736,TSA_U,cntl,vhds
2037-09-09,33.45799790143183,TSA_U,cntl,vhds
2037-09-10,35.943052450800096,TSA_U,cntl,vhds
2037-09-11,35.09805567874094,TSA_U,cntl,vhds
2037-09-12,36.05246573670222,TSA_U,cntl,vhds
2037-09-13,34.56221699438412,TSA_U,cntl,vhds
2037-09-14,35.6659793673964,TSA_U,cntl,vhds
2037-09-15,35.06257396033919,TSA_U,cntl,vhds
2037-09-18,33.27065272051142,TSA_U,cntl,vhds
2037-09-19,33.939122301294915,TSA_U,cntl,vhds
2037-09-20,34.01355079046785,TSA_U,cntl,vhds
2037-09-21,33.36785766575977,TSA_U,cntl,vhds
2037-09-22,33.83708508812614,TSA_U,cntl,vhds
2037-09-24,33.95480104194313,TSA_U,cntl,vhds
2037-09-28,34.12764796104452,TSA_U,cntl,vhds
2037-09-29,33.72350002118023,TSA_U,cntl,vhds
2037-09-30,34.01956004877443,TSA_U,cntl,vhds
2037-10-01,33.32100000375965,TSA_U,cntl,vhds
2037-10-03,33.76501446984428,TSA_U,cntl,vhds
2037-10-04,33.38956598501951,TSA_U,cntl,vhds
2037-10-06,33.52020487581428,TSA_U,cntl,vhds
2037-10-19,33.34288611794419,TSA_U,cntl,vhds
2037-10-20,33.54566152083705,TSA_U,cntl,vhds
2037-10-28,33.840705749929306,TSA_U,cntl,vhds
2038-04-10,33.47789724067278,TSA_U,cntl,vhds
2038-04-20,33.131275786864016,TSA_U,cntl,vhds
2038-04-21,35.24574224700611,TSA_U,cntl,vhds
2038-04-22,34.171679225911994,TSA_U,cntl,vhds
2038-04-24,33.27829147836749,TSA_U,cntl,vhds
2038-04-25,33.368955166187675,TSA_U,cntl,vhds
2038-04-28,33.15009920363235,TSA_U,cntl,vhds
2038-04-29,33.705744460265535,TSA_U,cntl,vhds
2038-04-30,33.2354369467798,TSA_U,cntl,vhds
2038-05-02,33.834829356988315,TSA_U,cntl,vhds
2038-05-03,33.96032721940038,TSA_U,cntl,vhds
2038-05-10,33.56561455655842,TSA_U,cntl,vhds
2038-05-16,33.20493925504824,TSA_U,cntl,vhds
2038-05-22,33.808800381600925,TSA_U,cntl,vhds
2038-05-23,33.94948627908393,TSA_U,cntl,vhds
2038-05-25,33.067637984905666,TSA_U,cntl,vhds
2038-05-26,33.156285549967194,TSA_U,cntl,vhds
2038-05-27,33.53363086365229,TSA_U,cntl,vhds
2038-05-28,33.726892693746926,TSA_U,cntl,vhds
2038-05-29,33.8899890912869,TSA_U,cntl,vhds
2038-05-30,34.39418121876254,TSA_U,cntl,vhds
2038-05-31,34.14945457671662,TSA_U,cntl,vhds
2038-06-01,34.4193801151701,TSA_U,cntl,vhds
2038-06-02,34.431752458996364,TSA_U,cntl,vhds
2038-06-04,33.97882163797973,TSA_U,cntl,vhds
2038-06-12,33.672860809249016,TSA_U,cntl,vhds
2038-06-13,33.94515326207273,TSA_U,cntl,vhds
2038-06-14,34.07523501845423,TSA_U,cntl,vhds
2038-06-15,34.200113886939825,TSA_U,cntl,vhds
2038-06-16,33.73012743006545,TSA_U,cntl,vhds
2038-06-17,34.161184192422816,TSA_U,cntl,vhds
2038-06-18,34.45263697742971,TSA_U,cntl,vhds
2038-06-19,34.25479834238019,TSA_U,cntl,vhds
2038-06-20,34.40058775282448,TSA_U,cntl,vhds
2038-06-21,34.34155767101159,TSA_U,cntl,vhds
2038-06-22,34.42743090354072,TSA_U,cntl,vhds
2038-06-23,34.86960734935491,TSA_U,cntl,vhds
2038-06-24,35.66670032723993,TSA_U,cntl,vhds
2038-06-25,35.5629805881282,TSA_U,cntl,vhds
2038-06-26,35.82529411972588,TSA_U,cntl,vhds
2038-06-27,35.79658426409782,TSA_U,cntl,vhds
2038-06-28,36.05632502731088,TSA_U,cntl,vhds
2038-06-29,35.74788621823175,TSA_U,cntl,vhds
2038-06-30,36.14757375216405,TSA_U,cntl,vhds
2038-07-01,36.11246261119504,TSA_U,cntl,vhds
2038-07-02,36.080341327517495,TSA_U,cntl,vhds
2038-07-03,36.78717222475384,TSA_U,cntl,vhds
2038-07-04,36.55496433527288,TSA_U,cntl,vhds
2038-07-05,36.01370807013721,TSA_U,cntl,vhds
2038-07-07,34.97513076778098,TSA_U,cntl,vhds
2038-07-08,35.55507168108592,TSA_U,cntl,vhds
2038-07-09,35.9623402566923,TSA_U,cntl,vhds
2038-07-10,36.07752116544775,TSA_U,cntl,vhds
2038-07-11,36.02424294672389,TSA_U,cntl,vhds
2038-07-12,35.68493829555411,TSA_U,cntl,vhds
2038-07-13,35.63052075812577,TSA_U,cntl,vhds
2038-07-14,35.03640179769735,TSA_U,cntl,vhds
2038-07-15,35.78314803136808,TSA_U,cntl,vhds
2038-07-16,37.26875950695274,TSA_U,cntl,vhds
2038-07-17,37.262822478748205,TSA_U,cntl,vhds
2038-07-18,34.35413168816083,TSA_U,cntl,vhds
2038-07-19,36.2002271214356,TSA_U,cntl,vhds
2038-07-20,36.15412954976028,TSA_U,cntl,vhds
2038-07-21,34.8733864703332,TSA_U,cntl,vhds
2038-07-22,35.55560822281451,TSA_U,cntl,vhds
2038-07-23,34.46012595176888,TSA_U,cntl,vhds
2038-07-24,34.94948366078631,TSA_U,cntl,vhds
2038-07-26,34.87519432476713,TSA_U,cntl,vhds
2038-07-27,35.48829588925363,TSA_U,cntl,vhds
2038-07-28,35.91960537244717,TSA_U,cntl,vhds
2038-07-29,33.518183101919185,TSA_U,cntl,vhds
2038-07-30,36.16319097420524,TSA_U,cntl,vhds
2038-07-31,36.125093181840384,TSA_U,cntl,vhds
2038-08-01,36.68917749740193,TSA_U,cntl,vhds
2038-08-02,36.49684023534768,TSA_U,cntl,vhds
2038-08-03,36.57541024325526,TSA_U,cntl,vhds
2038-08-04,36.40803580291471,TSA_U,cntl,vhds
2038-08-05,36.66612319870672,TSA_U,cntl,vhds
2038-08-06,35.64042038820746,TSA_U,cntl,vhds
2038-08-07,36.36463896213891,TSA_U,cntl,vhds
2038-08-08,37.067217156804176,TSA_U,cntl,vhds
2038-08-09,36.35261496750719,TSA_U,cntl,vhds
2038-08-10,37.16851130498216,TSA_U,cntl,vhds
2038-08-11,38.31561792426756,TSA_U,cntl,vhds
2038-08-12,38.79137637399765,TSA_U,cntl,vhds
2038-08-13,38.12912202537144,TSA_U,cntl,vhds
2038-08-14,37.44179153782213,TSA_U,cntl,vhds
2038-08-15,33.4600502268793,TSA_U,cntl,vhds
2038-08-16,38.82910254732165,TSA_U,cntl,vhds
2038-08-17,39.19199756260188,TSA_U,cntl,vhds
2038-08-18,37.23988918602859,TSA_U,cntl,vhds
2038-08-19,36.904939401081805,TSA_U,cntl,vhds
2038-08-20,37.0341346977363,TSA_U,cntl,vhds
2038-08-21,36.89306508455866,TSA_U,cntl,vhds
2038-08-22,36.66854107957372,TSA_U,cntl,vhds
2038-08-23,33.6161145608293,TSA_U,cntl,vhds
2038-08-24,36.58248008436711,TSA_U,cntl,vhds
2038-08-25,37.53058737442164,TSA_U,cntl,vhds
2038-08-26,37.36023685917885,TSA_U,cntl,vhds
2038-08-27,34.24044035214583,TSA_U,cntl,vhds
2038-08-28,36.66284639063469,TSA_U,cntl,vhds
2038-08-29,35.71547438510776,TSA_U,cntl,vhds
2038-08-30,36.50146902477783,TSA_U,cntl,vhds
2038-08-31,36.55745513092194,TSA_U,cntl,vhds
2038-09-02,35.769531220888055,TSA_U,cntl,vhds
2038-09-03,34.34717411426188,TSA_U,cntl,vhds
2038-09-04,34.80613744434427,TSA_U,cntl,vhds
2038-09-05,34.811385553705065,TSA_U,cntl,vhds
2038-09-06,35.109419623688034,TSA_U,cntl,vhds
2038-09-07,34.53546885644042,TSA_U,cntl,vhds
2038-09-08,35.58298780801928,TSA_U,cntl,vhds
2038-09-09,33.45883812585544,TSA_U,cntl,vhds
2038-09-10,34.15430165890838,TSA_U,cntl,vhds
2038-09-11,33.81486863291371,TSA_U,cntl,vhds
2038-09-14,33.61787546059936,TSA_U,cntl,vhds
2038-09-15,34.48793260953735,TSA_U,cntl,vhds
2038-09-16,34.74182530186727,TSA_U,cntl,vhds
2038-09-17,34.967968039122354,TSA_U,cntl,vhds
2038-09-18,35.43567421538963,TSA_U,cntl,vhds
2038-09-20,33.725893990454,TSA_U,cntl,vhds
2038-09-21,34.68528864257359,TSA_U,cntl,vhds
2038-09-22,34.05895012835885,TSA_U,cntl,vhds
2038-09-23,34.035679705254736,TSA_U,cntl,vhds
2038-09-24,34.467756292808154,TSA_U,cntl,vhds
2038-09-25,34.83696836926792,TSA_U,cntl,vhds
2038-09-26,34.61911505272087,TSA_U,cntl,vhds
2038-09-27,34.4266905130614,TSA_U,cntl,vhds
2038-09-28,34.51150397502555,TSA_U,cntl,vhds
2038-09-29,33.9647127889495,TSA_U,cntl,vhds
2038-09-30,34.778744035501575,TSA_U,cntl,vhds
2038-10-01,34.652660100805434,TSA_U,cntl,vhds
2038-10-02,36.31332676257786,TSA_U,cntl,vhds
2038-10-03,37.00195930159413,TSA_U,cntl,vhds
2038-10-04,36.52360859679028,TSA_U,cntl,vhds
2038-10-12,34.621684748770214,TSA_U,cntl,vhds
2038-10-13,35.274357817237174,TSA_U,cntl,vhds
2038-10-22,33.66726709966964,TSA_U,cntl,vhds
2038-10-23,33.62161519331252,TSA_U,cntl,vhds
2039-03-31,33.13543394050214,TSA_U,cntl,vhds
2039-04-26,33.68679985917244,TSA_U,cntl,vhds
2039-05-10,33.65410647039705,TSA_U,cntl,vhds
2039-05-11,34.42843591664659,TSA_U,cntl,vhds
2039-05-14,33.02564610712389,TSA_U,cntl,vhds
2039-05-15,34.41601959896632,TSA_U,cntl,vhds
2039-05-16,35.035524390721946,TSA_U,cntl,vhds
2039-05-22,33.93043316043109,TSA_U,cntl,vhds
2039-05-23,34.855650309426075,TSA_U,cntl,vhds
2039-05-24,34.55818662950178,TSA_U,cntl,vhds
2039-05-25,35.503352449291505,TSA_U,cntl,vhds
2039-05-26,35.44705815883647,TSA_U,cntl,vhds
2039-05-27,35.27101640432865,TSA_U,cntl,vhds
2039-05-28,34.45063323069581,TSA_U,cntl,vhds
2039-05-29,33.925608271816174,TSA_U,cntl,vhds
2039-05-30,33.455421733997014,TSA_U,cntl,vhds
2039-06-01,34.19928075065054,TSA_U,cntl,vhds
2039-06-02,34.51725679614949,TSA_U,cntl,vhds
2039-06-03,34.95314981381685,TSA_U,cntl,vhds
2039-06-06,36.245783567056016,TSA_U,cntl,vhds
2039-06-07,34.93630132422377,TSA_U,cntl,vhds
2039-06-08,34.41505012287137,TSA_U,cntl,vhds
2039-06-09,35.04040754376741,TSA_U,cntl,vhds
2039-06-10,34.12941473766531,TSA_U,cntl,vhds
2039-06-11,34.54388445292393,TSA_U,cntl,vhds
2039-06-12,34.598082588900496,TSA_U,cntl,vhds
2039-06-13,33.8344023382186,TSA_U,cntl,vhds
2039-06-14,33.71981098540886,TSA_U,cntl,vhds
2039-06-15,34.00690179391648,TSA_U,cntl,vhds
2039-06-16,34.57401988716432,TSA_U,cntl,vhds
2039-06-17,35.17408546437334,TSA_U,cntl,vhds
2039-06-18,35.19938373573286,TSA_U,cntl,vhds
2039-06-19,34.14440755570042,TSA_U,cntl,vhds
2039-06-20,34.814595219456336,TSA_U,cntl,vhds
2039-06-21,34.67495326805571,TSA_U,cntl,vhds
2039-06-22,35.9356033516231,TSA_U,cntl,vhds
2039-06-23,35.79709466963576,TSA_U,cntl,vhds
2039-06-24,33.755424079584344,TSA_U,cntl,vhds
2039-06-25,34.80460022110792,TSA_U,cntl,vhds
2039-06-26,33.69836533551811,TSA_U,cntl,vhds
2039-06-27,34.696449075318746,TSA_U,cntl,vhds
2039-06-28,34.78835831968887,TSA_U,cntl,vhds
2039-06-29,35.3313897202104,TSA_U,cntl,vhds
2039-06-30,36.05710404088,TSA_U,cntl,vhds
2039-07-01,36.2313567114546,TSA_U,cntl,vhds
2039-07-02,36.43127830437221,TSA_U,cntl,vhds
2039-07-03,36.05985485071134,TSA_U,cntl,vhds
2039-07-04,36.60589593762543,TSA_U,cntl,vhds
2039-07-05,36.871875025861605,TSA_U,cntl,vhds
2039-07-06,37.7553499165205,TSA_U,cntl,vhds
2039-07-07,36.753775500844405,TSA_U,cntl,vhds
2039-07-08,34.009129992986736,TSA_U,cntl,vhds
2039-07-09,34.89454053296671,TSA_U,cntl,vhds
2039-07-10,34.155049109928065,TSA_U,cntl,vhds
2039-07-11,35.811965687485014,TSA_U,cntl,vhds
2039-07-12,36.11137303225436,TSA_U,cntl,vhds
2039-07-13,35.41733503917291,TSA_U,cntl,vhds
2039-07-14,35.76751572996238,TSA_U,cntl,vhds
2039-07-15,36.08472318503823,TSA_U,cntl,vhds
2039-07-16,36.00773657203843,TSA_U,cntl,vhds
2039-07-17,35.7296211097406,TSA_U,cntl,vhds
2039-07-18,35.64618668461581,TSA_U,cntl,vhds
2039-07-19,35.330533509164354,TSA_U,cntl,vhds
2039-07-20,35.79790576621446,TSA_U,cntl,vhds
2039-07-21,36.7664876319914,TSA_U,cntl,vhds
2039-07-22,33.98635389541482,TSA_U,cntl,vhds
2039-07-23,34.899956684523964,TSA_U,cntl,vhds
2039-07-24,34.68123404414726,TSA_U,cntl,vhds
2039-07-25,35.07371911117916,TSA_U,cntl,vhds
2039-07-26,34.42208973435583,TSA_U,cntl,vhds
2039-07-27,34.43147887537883,TSA_U,cntl,vhds
2039-07-28,34.88452465632972,TSA_U,cntl,vhds
2039-07-29,34.69954630642902,TSA_U,cntl,vhds
2039-07-30,34.78853064870623,TSA_U,cntl,vhds
2039-07-31,35.0606174170414,TSA_U,cntl,vhds
2039-08-01,34.39578518576788,TSA_U,cntl,vhds
2039-08-02,34.52259036739918,TSA_U,cntl,vhds
2039-08-03,34.65492080524886,TSA_U,cntl,vhds
2039-08-04,36.20474435845048,TSA_U,cntl,vhds
2039-08-05,36.09743807430095,TSA_U,cntl,vhds
2039-08-06,36.2669241872562,TSA_U,cntl,vhds
2039-08-07,36.72616068439739,TSA_U,cntl,vhds
2039-08-08,37.1838748152079,TSA_U,cntl,vhds
2039-08-09,35.90720867770069,TSA_U,cntl,vhds
2039-08-10,34.17272877605101,TSA_U,cntl,vhds
2039-08-11,35.069064182941744,TSA_U,cntl,vhds
2039-08-12,36.116455430205406,TSA_U,cntl,vhds
2039-08-13,36.939954291285616,TSA_U,cntl,vhds
2039-08-14,36.48713935385436,TSA_U,cntl,vhds
2039-08-15,37.09225339794594,TSA_U,cntl,vhds
2039-08-16,36.57081637223406,TSA_U,cntl,vhds
2039-08-17,37.769850960288686,TSA_U,cntl,vhds
2039-08-18,36.91544996923809,TSA_U,cntl,vhds
2039-08-19,35.855501191528454,TSA_U,cntl,vhds
2039-08-20,36.33008886932053,TSA_U,cntl,vhds
2039-08-21,35.46165492656941,TSA_U,cntl,vhds
2039-08-22,35.28288482124315,TSA_U,cntl,vhds
2039-08-23,34.285571026454654,TSA_U,cntl,vhds
2039-08-24,35.52680787834036,TSA_U,cntl,vhds
2039-08-25,36.608406918084135,TSA_U,cntl,vhds
2039-08-26,36.405401578498,TSA_U,cntl,vhds
2039-08-27,37.11472845315348,TSA_U,cntl,vhds
2039-08-28,36.58397931284034,TSA_U,cntl,vhds
2039-08-29,36.08854660582584,TSA_U,cntl,vhds
2039-08-30,34.839639192547445,TSA_U,cntl,vhds
2039-08-31,36.34717395537679,TSA_U,cntl,vhds
2039-09-01,35.80072628340158,TSA_U,cntl,vhds
2039-09-02,35.10095286973608,TSA_U,cntl,vhds
2039-09-03,33.06514525373489,TSA_U,cntl,vhds
2039-09-07,34.70169557756972,TSA_U,cntl,vhds
2039-09-08,34.86978683662502,TSA_U,cntl,vhds
2039-09-09,35.50983404445461,TSA_U,cntl,vhds
2039-09-10,34.82721680378226,TSA_U,cntl,vhds
2039-09-11,35.75827072545434,TSA_U,cntl,vhds
2039-09-12,35.485780221357224,TSA_U,cntl,vhds
2039-09-13,34.44325481505732,TSA_U,cntl,vhds
2039-09-14,35.18278214389845,TSA_U,cntl,vhds
2039-09-15,34.97910443914661,TSA_U,cntl,vhds
2039-09-16,33.897587192172736,TSA_U,cntl,vhds
2039-09-17,36.82014433552218,TSA_U,cntl,vhds
2039-09-18,37.48044595167247,TSA_U,cntl,vhds
2039-09-19,36.66631467403443,TSA_U,cntl,vhds
2039-09-29,33.01992134577167,TSA_U,cntl,vhds
2035-05-30,33.028511023009045,TSA_R,cntl,vhds
2035-05-31,33.025312552515224,TSA_R,cntl,vhds
2035-06-09,33.03235420139629,TSA_R,cntl,vhds
2035-06-15,33.07023184657443,TSA_R,cntl,vhds
2035-06-18,33.25850283470889,TSA_R,cntl,vhds
2035-06-19,33.45693522690675,TSA_R,cntl,vhds
2035-06-20,33.40471177465291,TSA_R,cntl,vhds
2035-06-21,33.39876911744837,TSA_R,cntl,vhds
2035-06-22,33.15244086895671,TSA_R,cntl,vhds
2035-06-23,33.284689252162266,TSA_R,cntl,vhds
2035-06-24,33.36471605409412,TSA_R,cntl,vhds
2035-06-25,34.09253263178905,TSA_R,cntl,vhds
2035-06-26,33.46816004103897,TSA_R,cntl,vhds
2035-06-29,33.06180053595709,TSA_R,cntl,vhds
2035-06-30,33.55771343510672,TSA_R,cntl,vhds
2035-07-04,33.195244424654895,TSA_R,cntl,vhds
2035-07-05,34.50378222167136,TSA_R,cntl,vhds
2035-07-06,34.20435833342185,TSA_R,cntl,vhds
2035-07-07,33.0445108364325,TSA_R,cntl,vhds
2035-07-08,33.21330679776034,TSA_R,cntl,vhds
2035-07-09,33.56762745251581,TSA_R,cntl,vhds
2035-07-10,33.43244036962438,TSA_R,cntl,vhds
2035-07-11,33.70794696468333,TSA_R,cntl,vhds
2035-07-12,33.70683526218081,TSA_R,cntl,vhds
2035-07-13,36.13378587217483,TSA_R,cntl,vhds
2035-07-14,33.686842989455464,TSA_R,cntl,vhds
2035-07-15,33.85788832274718,TSA_R,cntl,vhds
2035-07-25,33.0566669911592,TSA_R,cntl,vhds
2035-07-27,33.01083262818579,TSA_R,cntl,vhds
2035-07-28,33.257706869010256,TSA_R,cntl,vhds
2035-07-30,33.86486077300393,TSA_R,cntl,vhds
2035-07-31,33.66948151017686,TSA_R,cntl,vhds
2035-08-02,33.294579834911794,TSA_R,cntl,vhds
2035-08-03,33.717679698799,TSA_R,cntl,vhds
2035-08-04,33.31454971427833,TSA_R,cntl,vhds
2035-08-05,33.21825321132996,TSA_R,cntl,vhds
2035-08-10,33.43100466977295,TSA_R,cntl,vhds
2035-08-11,33.700052680273764,TSA_R,cntl,vhds
2035-08-12,33.999509011250304,TSA_R,cntl,vhds
2035-08-13,34.18186173127026,TSA_R,cntl,vhds
2035-08-14,34.694445476420725,TSA_R,cntl,vhds
2035-08-15,35.52492557896177,TSA_R,cntl,vhds
2035-08-16,35.29411101238798,TSA_R,cntl,vhds
2035-08-17,33.015315327268105,TSA_R,cntl,vhds
2035-10-02,33.20586248177734,TSA_R,cntl,vhds
2035-10-05,33.23140391721518,TSA_R,cntl,vhds
2036-05-29,33.23638614364743,TSA_R,cntl,vhds
2036-05-30,33.4572710730504,TSA_R,cntl,vhds
2036-05-31,33.10786600277295,TSA_R,cntl,vhds
2036-06-02,33.649512656028364,TSA_R,cntl,vhds
2036-06-03,33.636559325713264,TSA_R,cntl,vhds
2036-06-04,33.42186246873163,TSA_R,cntl,vhds
2036-06-05,33.03550296608805,TSA_R,cntl,vhds
2036-06-10,33.94999431123882,TSA_R,cntl,vhds
2036-07-06,33.08192206209255,TSA_R,cntl,vhds
2036-07-07,33.24944058084717,TSA_R,cntl,vhds
2036-07-08,33.20547506462882,TSA_R,cntl,vhds
2036-07-09,33.051181107251075,TSA_R,cntl,vhds
2036-07-10,33.00167042106275,TSA_R,cntl,vhds
2036-07-11,33.41635829468143,TSA_R,cntl,vhds
2036-07-17,33.50226847382131,TSA_R,cntl,vhds
2036-07-18,33.80387798593377,TSA_R,cntl,vhds
2036-07-19,34.02165303287737,TSA_R,cntl,vhds
2036-07-21,33.01265860233175,TSA_R,cntl,vhds
2036-07-22,33.4380073822764,TSA_R,cntl,vhds
2036-07-23,33.42629556833379,TSA_R,cntl,vhds
2036-07-24,33.718903292069896,TSA_R,cntl,vhds
2036-07-25,33.63989512034512,TSA_R,cntl,vhds
2036-07-28,33.29080848544474,TSA_R,cntl,vhds
2036-08-08,33.38335968536309,TSA_R,cntl,vhds
2036-08-10,33.78926868711654,TSA_R,cntl,vhds
2036-08-11,34.82897174826499,TSA_R,cntl,vhds
2036-08-12,36.13156730691892,TSA_R,cntl,vhds
2036-08-13,36.36705313695402,TSA_R,cntl,vhds
2036-08-14,36.058478360717366,TSA_R,cntl,vhds
2036-08-15,35.201893820987536,TSA_R,cntl,vhds
2036-08-16,34.90195582300154,TSA_R,cntl,vhds
2036-08-17,34.03314616156292,TSA_R,cntl,vhds
2036-08-18,33.836198927833,TSA_R,cntl,vhds
2036-08-19,34.712952591461814,TSA_R,cntl,vhds
2036-08-20,34.426905161638096,TSA_R,cntl,vhds
2036-08-21,34.72427952386701,TSA_R,cntl,vhds
2036-08-22,34.93878763073548,TSA_R,cntl,vhds
2036-08-23,33.980361829725034,TSA_R,cntl,vhds
2036-08-24,35.66681905913676,TSA_R,cntl,vhds
2036-08-26,33.09505869147236,TSA_R,cntl,vhds
2036-08-27,33.33396490726137,TSA_R,cntl,vhds
2036-08-28,33.67725915689242,TSA_R,cntl,vhds
2036-08-29,33.83229666980324,TSA_R,cntl,vhds
2036-08-30,33.461488863299685,TSA_R,cntl,vhds
2036-08-31,33.01355187589489,TSA_R,cntl,vhds
2036-09-01,33.871089973806534,TSA_R,cntl,vhds
2036-09-02,34.19770399451906,TSA_R,cntl,vhds
2036-09-03,34.344905694086314,TSA_R,cntl,vhds
2036-09-04,34.018046087444624,TSA_R,cntl,vhds
2036-09-05,33.52818158026398,TSA_R,cntl,vhds
2036-09-07,33.709577182965944,TSA_R,cntl,vhds
2036-09-08,33.89366401095681,TSA_R,cntl,vhds
2037-06-20,33.75264945414904,TSA_R,cntl,vhds
2037-06-30,33.212901143874745,TSA_R,cntl,vhds
2037-07-01,33.079214345998075,TSA_R,cntl,vhds
2037-07-05,33.66661866012091,TSA_R,cntl,vhds
2037-07-13,33.05243828528367,TSA_R,cntl,vhds
2037-07-17,33.43138112874055,TSA_R,cntl,vhds
2037-07-18,33.209614795382144,TSA_R,cntl,vhds
2037-07-19,33.47969992313448,TSA_R,cntl,vhds
2037-07-20,33.352758678547566,TSA_R,cntl,vhds
2037-07-21,33.0409408542372,TSA_R,cntl,vhds
2037-07-22,33.2769549505873,TSA_R,cntl,vhds
2037-07-23,33.91629825084163,TSA_R,cntl,vhds
2037-07-24,33.717406594484835,TSA_R,cntl,vhds
2037-07-25,33.417631310188646,TSA_R,cntl,vhds
2037-07-26,33.00518269245115,TSA_R,cntl,vhds
2037-07-27,33.60534522327522,TSA_R,cntl,vhds
2037-07-28,33.57023529415073,TSA_R,cntl,vhds
2037-07-29,34.10096175327055,TSA_R,cntl,vhds
2037-07-30,34.45532201523426,TSA_R,cntl,vhds
2037-07-31,33.551610868402584,TSA_R,cntl,vhds
2037-08-01,33.36543641404232,TSA_R,cntl,vhds
2037-08-02,33.77269712299655,TSA_R,cntl,vhds
2037-08-03,33.6755390171679,TSA_R,cntl,vhds
2037-08-04,33.83277067195431,TSA_R,cntl,vhds
2037-08-05,33.809595697546285,TSA_R,cntl,vhds
2037-08-06,34.20423806839191,TSA_R,cntl,vhds
2037-08-07,33.90092708920726,TSA_R,cntl,vhds
2037-08-08,33.43066416299041,TSA_R,cntl,vhds
2037-08-09,33.35630282880254,TSA_R,cntl,vhds
2037-08-10,34.06493759556638,TSA_R,cntl,vhds
2037-08-11,33.37622448037118,TSA_R,cntl,vhds
2037-08-12,33.377599523888605,TSA_R,cntl,vhds
2037-08-13,33.48903559576419,TSA_R,cntl,vhds
2037-08-14,33.37278904702502,TSA_R,cntl,vhds
2037-08-15,33.20736560138376,TSA_R,cntl,vhds
2037-08-16,33.54683587935769,TSA_R,cntl,vhds
2037-08-17,33.34174392024306,TSA_R,cntl,vhds
2037-08-18,33.890934632128314,TSA_R,cntl,vhds
2037-08-19,33.09241846180448,TSA_R,cntl,vhds
2037-08-25,34.368335014184964,TSA_R,cntl,vhds
2037-08-28,33.109311993771826,TSA_R,cntl,vhds
2037-09-04,33.00903457509658,TSA_R,cntl,vhds
2037-09-05,33.36985396491392,TSA_R,cntl,vhds
2037-09-06,34.37941901198061,TSA_R,cntl,vhds
2037-09-10,33.702885929893206,TSA_R,cntl,vhds
2037-09-12,33.56867457079642,TSA_R,cntl,vhds
2037-09-14,33.24188570258448,TSA_R,cntl,vhds
2038-06-24,33.44206873022902,TSA_R,cntl,vhds
2038-06-25,33.375862372719176,TSA_R,cntl,vhds
2038-06-26,33.38041528915649,TSA_R,cntl,vhds
2038-06-27,33.0050566576866,TSA_R,cntl,vhds
2038-06-28,33.13079123168592,TSA_R,cntl,vhds
2038-06-30,33.2120317793366,TSA_R,cntl,vhds
2038-07-01,33.180105217620934,TSA_R,cntl,vhds
2038-07-02,33.04314713030693,TSA_R,cntl,vhds
2038-07-03,33.84726521885477,TSA_R,cntl,vhds
2038-07-04,33.75738256532868,TSA_R,cntl,vhds
2038-07-05,33.1538019053101,TSA_R,cntl,vhds
2038-07-08,33.257795357838994,TSA_R,cntl,vhds
2038-07-09,33.23521260358304,TSA_R,cntl,vhds
2038-07-10,33.2170385487534,TSA_R,cntl,vhds
2038-07-11,33.36705036936284,TSA_R,cntl,vhds
2038-07-12,33.10073419634939,TSA_R,cntl,vhds
2038-07-15,33.5420904610046,TSA_R,cntl,vhds
2038-07-16,34.56968858495966,TSA_R,cntl,vhds
2038-07-17,34.303940941089834,TSA_R,cntl,vhds
2038-07-19,33.907405610709446,TSA_R,cntl,vhds
2038-07-20,33.97282140984736,TSA_R,cntl,vhds
2038-07-22,33.25852504024405,TSA_R,cntl,vhds
2038-07-26,33.38563081975426,TSA_R,cntl,vhds
2038-07-27,33.66057555884412,TSA_R,cntl,vhds
2038-07-28,33.69192686800187,TSA_R,cntl,vhds
2038-07-30,33.72122248241644,TSA_R,cntl,vhds
2038-07-31,34.05649823874017,TSA_R,cntl,vhds
2038-08-01,34.774135752097095,TSA_R,cntl,vhds
2038-08-02,34.58430423987941,TSA_R,cntl,vhds
2038-08-03,34.59445623999018,TSA_R,cntl,vhds
2038-08-04,34.449497580873604,TSA_R,cntl,vhds
2038-08-05,34.64616274299753,TSA_R,cntl,vhds
2038-08-06,33.69963566359809,TSA_R,cntl,vhds
2038-08-07,34.1422015499311,TSA_R,cntl,vhds
2038-08-08,34.53867068646031,TSA_R,cntl,vhds
2038-08-09,34.2100086342475,TSA_R,cntl,vhds
2038-08-10,34.73828912058745,TSA_R,cntl,vhds
2038-08-11,35.56619427726395,TSA_R,cntl,vhds
2038-08-12,35.8023782841732,TSA_R,cntl,vhds
2038-08-13,35.06817796068316,TSA_R,cntl,vhds
2038-08-14,34.97837775241221,TSA_R,cntl,vhds
2038-08-16,37.4181087447716,TSA_R,cntl,vhds
2038-08-17,37.59625738813153,TSA_R,cntl,vhds
2038-08-18,35.787310952674154,TSA_R,cntl,vhds
2038-08-19,34.63894213605186,TSA_R,cntl,vhds
2038-08-20,34.610778107509056,TSA_R,cntl,vhds
2038-08-21,34.04090586827834,TSA_R,cntl,vhds
2038-08-22,34.01727115967488,TSA_R,cntl,vhds
2038-08-24,35.14478339506809,TSA_R,cntl,vhds
2038-08-25,36.03803052027553,TSA_R,cntl,vhds
2038-08-26,35.147495087464094,TSA_R,cntl,vhds
2038-08-28,34.28361854898094,TSA_R,cntl,vhds
2038-08-29,33.69630798334317,TSA_R,cntl,vhds
2038-08-30,34.45681541515792,TSA_R,cntl,vhds
2038-08-31,34.48615236586083,TSA_R,cntl,vhds
2038-09-02,33.72323522230573,TSA_R,cntl,vhds
2038-09-08,33.04993777934555,TSA_R,cntl,vhds
2038-10-02,33.71813332391289,TSA_R,cntl,vhds
2038-10-03,34.44816385445569,TSA_R,cntl,vhds
2038-10-04,34.339543826108944,TSA_R,cntl,vhds
2038-10-13,33.120767871109386,TSA_R,cntl,vhds
2039-05-15,33.12539639069353,TSA_R,cntl,vhds
2039-05-16,33.28892418928987,TSA_R,cntl,vhds
2039-06-06,35.1470407135135,TSA_R,cntl,vhds
2039-06-09,33.004686226845465,TSA_R,cntl,vhds
2039-06-18,33.02913375988774,TSA_R,cntl,vhds
2039-06-22,33.33713756830415,TSA_R,cntl,vhds
2039-06-23,33.10770059702048,TSA_R,cntl,vhds
2039-06-30,33.34476663688183,TSA_R,cntl,vhds
2039-07-01,33.38697006978547,TSA_R,cntl,vhds
2039-07-02,33.62510742538955,TSA_R,cntl,vhds
2039-07-03,33.3834088089219,TSA_R,cntl,vhds
2039-07-04,33.7802540106698,TSA_R,cntl,vhds
2039-07-05,34.13918322739327,TSA_R,cntl,vhds
2039-07-06,35.46261285057085,TSA_R,cntl,vhds
2039-07-07,34.44874357147111,TSA_R,cntl,vhds
2039-07-11,33.2925010020124,TSA_R,cntl,vhds
2039-07-12,33.4760226756926,TSA_R,cntl,vhds
2039-07-14,33.56936712597954,TSA_R,cntl,vhds
2039-07-15,34.01354785555926,TSA_R,cntl,vhds
2039-07-16,33.7913253811603,TSA_R,cntl,vhds
2039-07-17,33.84381488634066,TSA_R,cntl,vhds
2039-07-18,33.7004192797456,TSA_R,cntl,vhds
2039-07-19,33.165402434674235,TSA_R,cntl,vhds
2039-07-20,33.4995652422873,TSA_R,cntl,vhds
2039-07-21,34.612731500558226,TSA_R,cntl,vhds
2039-07-25,33.15927130430777,TSA_R,cntl,vhds
2039-08-04,33.37576258723512,TSA_R,cntl,vhds
2039-08-05,33.49885053191924,TSA_R,cntl,vhds
2039-08-06,33.66083188204429,TSA_R,cntl,vhds
2039-08-07,34.03087245322915,TSA_R,cntl,vhds
2039-08-08,34.443728117698335,TSA_R,cntl,vhds
2039-08-09,33.51698862488813,TSA_R,cntl,vhds
2039-08-11,33.043614089012934,TSA_R,cntl,vhds
2039-08-12,33.885988520431106,TSA_R,cntl,vhds
2039-08-13,34.32021003976426,TSA_R,cntl,vhds
2039-08-14,34.45667083890589,TSA_R,cntl,vhds
2039-08-15,34.733412221247484,TSA_R,cntl,vhds
2039-08-16,34.409573356738875,TSA_R,cntl,vhds
2039-08-17,35.24634850869856,TSA_R,cntl,vhds
2039-08-18,34.869502655305325,TSA_R,cntl,vhds
2039-08-19,34.238969789599395,TSA_R,cntl,vhds
2039-08-20,34.40797537517736,TSA_R,cntl,vhds
2039-08-21,33.74705024450436,TSA_R,cntl,vhds
2039-08-22,33.32041824279646,TSA_R,cntl,vhds
2039-08-24,33.7731102254312,TSA_R,cntl,vhds
2039-08-25,34.23955393169853,TSA_R,cntl,vhds
2039-08-26,34.37776346955405,TSA_R,cntl,vhds
2039-08-27,35.196583030234045,TSA_R,cntl,vhds
2039-08-28,34.26690386318872,TSA_R,cntl,vhds
2039-08-29,33.949733224058406,TSA_R,cntl,vhds
2039-08-31,33.80820189907632,TSA_R,cntl,vhds
2039-09-01,33.62096552323502,TSA_R,cntl,vhds
2039-09-02,33.30083715557408,TSA_R,cntl,vhds
2039-09-09,33.241177037751314,TSA_R,cntl,vhds
2039-09-11,33.72166082892128,TSA_R,cntl,vhds
2039-09-12,33.11811739351384,TSA_R,cntl,vhds
2039-09-14,33.04496933970678,TSA_R,cntl,vhds
2039-09-15,33.26222935861044,TSA_R,cntl,vhds
2039-09-17,35.52713623555592,TSA_R,cntl,vhds
2039-09-18,35.82208129907966,TSA_R,cntl,vhds
2039-09-19,34.28941482801682,TSA_R,cntl,vhds
2035-06-26,28.736826,TSA,cntl,hns
2035-06-27,28.508978,TSA,cntl,hns
2035-06-28,28.020002,TSA,cntl,hns
2035-07-01,28.148006,TSA,cntl,hns
2035-07-02,28.075436,TSA,cntl,hns
2035-07-03,28.143646,TSA,cntl,hns
2035-07-06,28.23765,TSA,cntl,hns
2035-07-07,28.139977,TSA,cntl,hns
2035-07-08,28.105358,TSA,cntl,hns
2035-07-13,28.299011,TSA,cntl,hns
2035-07-15,28.388622,TSA,cntl,hns
2035-07-16,28.312046,TSA,cntl,hns
2035-07-17,28.655355,TSA,cntl,hns
2035-07-18,28.27694,TSA,cntl,hns
2035-08-14,28.241976,TSA,cntl,hns
2035-08-15,28.273417,TSA,cntl,hns
2035-08-16,28.09497,TSA,cntl,hns
2036-06-07,28.3146,TSA,cntl,hns
2036-06-27,28.04894,TSA,cntl,hns
2036-06-28,28.100065,TSA,cntl,hns
2036-08-20,28.052336,TSA,cntl,hns
2036-08-22,29.01336,TSA,cntl,hns
2036-08-23,28.979584,TSA,cntl,hns
2036-08-24,28.325438,TSA,cntl,hns
2036-08-25,28.52822,TSA,cntl,hns
2036-08-26,28.166378,TSA,cntl,hns
2036-08-29,28.074528,TSA,cntl,hns
2036-08-30,28.128044,TSA,cntl,hns
2037-07-03,28.112143,TSA,cntl,hns
2037-07-23,28.0299,TSA,cntl,hns
2037-07-24,28.180988,TSA,cntl,hns
2037-07-25,28.261492,TSA,cntl,hns
2037-07-26,28.801905,TSA,cntl,hns
2037-07-27,29.007608,TSA,cntl,hns
2037-07-28,28.700766,TSA,cntl,hns
2037-07-29,28.69047,TSA,cntl,hns
2037-09-02,28.306923,TSA,cntl,hns
2037-09-03,28.304485,TSA,cntl,hns
2038-07-04,28.33329,TSA,cntl,hns
2038-07-28,28.197721,TSA,cntl,hns
2038-07-30,28.097588,TSA,cntl,hns
2038-07-31,28.647858,TSA,cntl,hns
2038-08-01,28.513054,TSA,cntl,hns
2038-08-02,28.20164,TSA,cntl,hns
2038-08-03,28.012125,TSA,cntl,hns
2038-08-05,28.049446,TSA,cntl,hns
2038-08-06,28.284761,TSA,cntl,hns
2038-08-15,28.00121,TSA,cntl,hns
2038-08-16,29.432837,TSA,cntl,hns
2038-08-17,29.355099,TSA,cntl,hns
2038-08-18,29.093103,TSA,cntl,hns
2038-08-19,28.22546,TSA,cntl,hns
2038-08-20,28.278042,TSA,cntl,hns
2038-08-21,28.781923,TSA,cntl,hns
2038-08-22,28.627588,TSA,cntl,hns
2038-08-23,28.543367,TSA,cntl,hns
2038-08-24,29.058523,TSA,cntl,hns
2038-08-25,28.543285,TSA,cntl,hns
2038-08-31,28.030525,TSA,cntl,hns
2039-06-03,28.396173,TSA,cntl,hns
2039-06-18,28.040401,TSA,cntl,hns
2039-06-27,28.084461,TSA,cntl,hns
2039-07-05,28.214935,TSA,cntl,hns
2039-07-06,28.595818,TSA,cntl,hns
2039-07-07,28.631977,TSA,cntl,hns
2039-07-08,28.153316,TSA,cntl,hns
2039-07-09,28.655495,TSA,cntl,hns
2039-07-10,28.42312,TSA,cntl,hns
2039-07-12,28.243254,TSA,cntl,hns
2039-07-13,28.514252,TSA,cntl,hns
2039-07-14,28.588932,TSA,cntl,hns
2039-07-15,28.449976,TSA,cntl,hns
2039-07-16,28.43824,TSA,cntl,hns
2039-07-17,28.225773,TSA,cntl,hns
2039-09-02,28.577797,TSA,cntl,hns
2039-09-05,28.026403,TSA,cntl,hns
2039-09-17,28.509491,TSA,cntl,hns
2039-09-18,28.270119,TSA,cntl,hns
2035-05-31,28.05916066716553,TSA_U,cntl,hns
2035-06-17,28.15027976253496,TSA_U,cntl,hns
2035-06-18,28.31763245223385,TSA_U,cntl,hns
2035-06-19,28.38013699757831,TSA_U,cntl,hns
2035-06-20,28.327299244489215,TSA_U,cntl,hns
2035-06-21,28.01861091887962,TSA_U,cntl,hns
2035-06-25,28.73369157546718,TSA_U,cntl,hns
2035-06-26,29.40334390421373,TSA_U,cntl,hns
2035-06-27,29.194595600249095,TSA_U,cntl,hns
2035-06-28,28.669369586684088,TSA_U,cntl,hns
2035-06-29,28.5548753337414,TSA_U,cntl,hns
2035-06-30,28.470575796682787,TSA_U,cntl,hns
2035-07-01,28.68857650845007,TSA_U,cntl,hns
2035-07-02,28.676663602078264,TSA_U,cntl,hns
2035-07-03,29.00123834437473,TSA_U,cntl,hns
2035-07-04,28.89380162661834,TSA_U,cntl,hns
2035-07-05,28.84715793533219,TSA_U,cntl,hns
2035-07-06,29.07082384564768,TSA_U,cntl,hns
2035-07-07,28.90282021414004,TSA_U,cntl,hns
2035-07-08,28.94171872351317,TSA_U,cntl,hns
2035-07-09,28.87116928363189,TSA_U,cntl,hns
2035-07-10,28.48396478883654,TSA_U,cntl,hns
2035-07-11,28.010369008052333,TSA_U,cntl,hns
2035-07-12,28.5858240124331,TSA_U,cntl,hns
2035-07-13,29.10697149881895,TSA_U,cntl,hns
2035-07-14,28.808712352840427,TSA_U,cntl,hns
2035-07-15,29.13318119786337,TSA_U,cntl,hns
2035-07-16,28.954792778260543,TSA_U,cntl,hns
2035-07-17,29.33819946295491,TSA_U,cntl,hns
2035-07-18,29.016331320169737,TSA_U,cntl,hns
2035-07-25,28.000296584387076,TSA_U,cntl,hns
2035-07-27,28.03603436339615,TSA_U,cntl,hns
2035-07-31,28.024584414301003,TSA_U,cntl,hns
2035-08-02,28.002353415607303,TSA_U,cntl,hns
2035-08-03,28.569102747621887,TSA_U,cntl,hns
2035-08-04,28.52050551597996,TSA_U,cntl,hns
2035-08-05,28.663132967523826,TSA_U,cntl,hns
2035-08-06,28.24425779754832,TSA_U,cntl,hns
2035-08-07,28.159188942341142,TSA_U,cntl,hns
2035-08-08,28.096853511858612,TSA_U,cntl,hns
2035-08-11,28.30250413471286,TSA_U,cntl,hns
2035-08-12,28.64162399026749,TSA_U,cntl,hns
2035-08-13,28.91406844818416,TSA_U,cntl,hns
2035-08-14,29.190775265603257,TSA_U,cntl,hns
2035-08-15,29.272751623993656,TSA_U,cntl,hns
2035-08-16,29.146568435731744,TSA_U,cntl,hns
2035-08-17,28.7241475019705,TSA_U,cntl,hns
2035-10-01,28.1989446980647,TSA_U,cntl,hns
2036-06-05,28.566467184876394,TSA_U,cntl,hns
2036-06-06,28.323048481204065,TSA_U,cntl,hns
2036-06-07,29.175910856314346,TSA_U,cntl,hns
2036-06-08,28.337549273662727,TSA_U,cntl,hns
2036-06-16,28.050497978924945,TSA_U,cntl,hns
2036-06-18,28.25217276247324,TSA_U,cntl,hns
2036-06-22,28.23642000182554,TSA_U,cntl,hns
2036-06-23,28.15283497444527,TSA_U,cntl,hns
2036-06-24,28.22307642356521,TSA_U,cntl,hns
2036-06-27,28.65638482648941,TSA_U,cntl,hns
2036-06-28,28.69746851450637,TSA_U,cntl,hns
2036-06-30,28.054408650915377,TSA_U,cntl,hns
2036-07-01,28.15574197898662,TSA_U,cntl,hns
2036-07-02,28.04916239500364,TSA_U,cntl,hns
2036-07-03,28.197712457499303,TSA_U,cntl,hns
2036-07-04,28.28418208591599,TSA_U,cntl,hns
2036-08-11,28.066355085641025,TSA_U,cntl,hns
2036-08-12,28.673509973490567,TSA_U,cntl,hns
2036-08-13,28.704207311401696,TSA_U,cntl,hns
2036-08-17,28.09501996958984,TSA_U,cntl,hns
2036-08-18,28.529153999953024,TSA_U,cntl,hns
2036-08-19,28.945033581589605,TSA_U,cntl,hns
2036-08-20,29.247405599298567,TSA_U,cntl,hns
2036-08-21,29.08958903200451,TSA_U,cntl,hns
2036-08-22,29.833818031332065,TSA_U,cntl,hns
2036-08-23,29.8502729648854,TSA_U,cntl,hns
2036-08-24,29.37943365682125,TSA_U,cntl,hns
2036-08-25,29.1959121940001,TSA_U,cntl,hns
2036-08-26,28.82952364998697,TSA_U,cntl,hns
2036-08-27,28.43249756980041,TSA_U,cntl,hns
2036-08-28,28.335599778454387,TSA_U,cntl,hns
2036-08-29,28.65117794087655,TSA_U,cntl,hns
2036-08-30,28.799488844844472,TSA_U,cntl,hns
2036-08-31,28.836408306269856,TSA_U,cntl,hns
2036-09-01,28.64150457711776,TSA_U,cntl,hns
2036-09-02,28.37425209034961,TSA_U,cntl,hns
2036-09-03,28.20718274661451,TSA_U,cntl,hns
2036-09-04,28.24069757958086,TSA_U,cntl,hns
2036-09-05,28.20920538318241,TSA_U,cntl,hns
2036-09-06,28.87186017436247,TSA_U,cntl,hns
2036-09-07,28.47066291686535,TSA_U,cntl,hns
2037-06-24,28.17383305622253,TSA_U,cntl,hns
2037-06-26,28.37256840297679,TSA_U,cntl,hns
2037-06-27,28.472474776064047,TSA_U,cntl,hns
2037-06-28,28.05175059202288,TSA_U,cntl,hns
2037-06-29,28.1695669511408,TSA_U,cntl,hns
2037-06-30,28.218726604591787,TSA_U,cntl,hns
2037-07-01,28.343711560785877,TSA_U,cntl,hns
2037-07-02,28.06926634294629,TSA_U,cntl,hns
2037-07-03,28.847227375636542,TSA_U,cntl,hns
2037-07-04,28.726000015179142,TSA_U,cntl,hns
2037-07-05,28.45077098737172,TSA_U,cntl,hns
2037-07-06,28.225145543509356,TSA_U,cntl,hns
2037-07-07,28.51619287146038,TSA_U,cntl,hns
2037-07-08,28.49078609777462,TSA_U,cntl,hns
2037-07-09,28.452206874340774,TSA_U,cntl,hns
2037-07-10,28.317149953921493,TSA_U,cntl,hns
2037-07-11,28.10939149910096,TSA_U,cntl,hns
2037-07-16,28.850133862958938,TSA_U,cntl,hns
2037-07-17,28.632986970149425,TSA_U,cntl,hns
2037-07-18,28.369268591971817,TSA_U,cntl,hns
2037-07-19,28.449150395471147,TSA_U,cntl,hns
2037-07-20,28.70754928210772,TSA_U,cntl,hns
2037-07-21,28.698739683182534,TSA_U,cntl,hns
2037-07-22,28.74051765779684,TSA_U,cntl,hns
2037-07-23,29.07463302827812,TSA_U,cntl,hns
2037-07-24,29.16279251144917,TSA_U,cntl,hns
2037-07-25,29.16689422876594,TSA_U,cntl,hns
2037-07-26,29.66853635476661,TSA_U,cntl,hns
2037-07-27,29.890785451325875,TSA_U,cntl,hns
2037-07-28,29.599804486392397,TSA_U,cntl,hns
2037-07-29,29.70210934696643,TSA_U,cntl,hns
2037-07-30,29.184039042233344,TSA_U,cntl,hns
2037-07-31,28.107931003813725,TSA_U,cntl,hns
2037-08-01,28.76434744654028,TSA_U,cntl,hns
2037-08-02,28.80681853422772,TSA_U,cntl,hns
2037-08-03,28.743373593534816,TSA_U,cntl,hns
2037-08-04,28.68401506640586,TSA_U,cntl,hns
2037-08-05,28.66308780979622,TSA_U,cntl,hns
2037-08-06,28.44296575887184,TSA_U,cntl,hns
2037-08-07,28.07553469209,TSA_U,cntl,hns
2037-08-08,28.19982300457353,TSA_U,cntl,hns
2037-08-17,28.1088384111252,TSA_U,cntl,hns
2037-08-18,28.33066376163224,TSA_U,cntl,hns
2037-08-19,28.162976734472554,TSA_U,cntl,hns
2037-08-20,28.01601399930864,TSA_U,cntl,hns
2037-08-22,28.13752069336581,TSA_U,cntl,hns
2037-08-23,28.17209503441679,TSA_U,cntl,hns
2037-08-30,28.06429878937128,TSA_U,cntl,hns
2037-08-31,28.827226126721616,TSA_U,cntl,hns
2037-09-01,28.602925037806507,TSA_U,cntl,hns
2037-09-02,29.13019639897115,TSA_U,cntl,hns
2037-09-03,29.14580384981582,TSA_U,cntl,hns
2037-09-04,28.62471795766068,TSA_U,cntl,hns
2037-09-05,28.80218425091649,TSA_U,cntl,hns
2038-05-30,28.180022728666756,TSA_U,cntl,hns
2038-05-31,28.33494295768628,TSA_U,cntl,hns
2038-06-01,28.70078881316489,TSA_U,cntl,hns
2038-06-02,28.873224379703267,TSA_U,cntl,hns
2038-06-04,28.198678661316297,TSA_U,cntl,hns
2038-06-16,28.208657461823435,TSA_U,cntl,hns
2038-06-17,28.337129032023466,TSA_U,cntl,hns
2038-06-18,28.297484919180757,TSA_U,cntl,hns
2038-06-19,28.164797039606032,TSA_U,cntl,hns
2038-06-20,28.44751031200597,TSA_U,cntl,hns
2038-06-24,28.258909914820585,TSA_U,cntl,hns
2038-07-03,28.611500306858023,TSA_U,cntl,hns
2038-07-04,29.104594456721383,TSA_U,cntl,hns
2038-07-05,28.482029285495894,TSA_U,cntl,hns
2038-07-06,28.02992619851336,TSA_U,cntl,hns
2038-07-07,28.514483927989804,TSA_U,cntl,hns
2038-07-08,28.31977449769207,TSA_U,cntl,hns
2038-07-10,28.46604695168241,TSA_U,cntl,hns
2038-07-11,28.21874892320093,TSA_U,cntl,hns
2038-07-12,28.28928540829393,TSA_U,cntl,hns
2038-07-14,28.347801597842693,TSA_U,cntl,hns
2038-07-19,28.121503196461145,TSA_U,cntl,hns
2038-07-20,28.564361223638308,TSA_U,cntl,hns
2038-07-21,28.39824379341954,TSA_U,cntl,hns
2038-07-22,28.74525811369295,TSA_U,cntl,hns
2038-07-23,28.94850072786272,TSA_U,cntl,hns
2038-07-24,29.107800008219527,TSA_U,cntl,hns
2038-07-25,28.52859322612952,TSA_U,cntl,hns
2038-07-26,28.129671167813274,TSA_U,cntl,hns
2038-07-27,28.760254392323443,TSA_U,cntl,hns
2038-07-28,28.92087841970104,TSA_U,cntl,hns
2038-07-29,28.706522250639186,TSA_U,cntl,hns
2038-07-30,29.285851149229725,TSA_U,cntl,hns
2038-07-31,29.676255752700463,TSA_U,cntl,hns
2038-08-01,29.5572288771039,TSA_U,cntl,hns
2038-08-02,29.225001774608494,TSA_U,cntl,hns
2038-08-03,29.17508202906012,TSA_U,cntl,hns
2038-08-04,28.908663613243384,TSA_U,cntl,hns
2038-08-05,29.257746913153564,TSA_U,cntl,hns
2038-08-06,29.33458474301673,TSA_U,cntl,hns
2038-08-07,28.790204961771188,TSA_U,cntl,hns
2038-08-08,28.536437244472715,TSA_U,cntl,hns
2038-08-10,28.272508309913555,TSA_U,cntl,hns
2038-08-11,28.68021113354111,TSA_U,cntl,hns
2038-08-12,29.10638363473738,TSA_U,cntl,hns
2038-08-13,28.964335697726945,TSA_U,cntl,hns
2038-08-14,29.19703575456546,TSA_U,cntl,hns
2038-08-15,28.843680531727536,TSA_U,cntl,hns
2038-08-16,30.41699314649021,TSA_U,cntl,hns
2038-08-17,30.23610290659883,TSA_U,cntl,hns
2038-08-18,29.978210687219264,TSA_U,cntl,hns
2038-08-19,29.36628952108155,TSA_U,cntl,hns
2038-08-20,29.62626910262367,TSA_U,cntl,hns
2038-08-21,30.152581021615827,TSA_U,cntl,hns
2038-08-22,29.92619332551009,TSA_U,cntl,hns
2038-08-23,29.552499458010576,TSA_U,cntl,hns
2038-08-24,30.01817775586277,TSA_U,cntl,hns
2038-08-25,29.501686495367704,TSA_U,cntl,hns
2038-08-26,28.86528688138493,TSA_U,cntl,hns
2038-08-27,28.388618777583343,TSA_U,cntl,hns
2038-08-28,28.315399280227304,TSA_U,cntl,hns
2038-08-29,28.30515252765744,TSA_U,cntl,hns
2038-08-30,28.105146802635147,TSA_U,cntl,hns
2038-08-31,29.04358454975717,TSA_U,cntl,hns
2038-09-08,28.610990208124445,TSA_U,cntl,hns
2038-09-11,28.16179630549324,TSA_U,cntl,hns
2039-06-02,28.45884283954892,TSA_U,cntl,hns
2039-06-03,28.93628827126999,TSA_U,cntl,hns
2039-06-06,28.266927285157458,TSA_U,cntl,hns
2039-06-07,28.00685162889905,TSA_U,cntl,hns
2039-06-10,28.182895487430887,TSA_U,cntl,hns
2039-06-13,28.27207836827225,TSA_U,cntl,hns
2039-06-17,28.46860844659519,TSA_U,cntl,hns
2039-06-18,28.892831317559462,TSA_U,cntl,hns
2039-06-19,28.47042502358209,TSA_U,cntl,hns
2039-06-20,28.309741934744352,TSA_U,cntl,hns
2039-06-22,28.177595349929422,TSA_U,cntl,hns
2039-06-23,28.401821807405643,TSA_U,cntl,hns
2039-06-24,28.521243346073643,TSA_U,cntl,hns
2039-06-25,28.469724971194054,TSA_U,cntl,hns
2039-06-26,28.79684019554956,TSA_U,cntl,hns
2039-06-27,28.943444508514357,TSA_U,cntl,hns
2039-06-28,28.158514994889977,TSA_U,cntl,hns
2039-06-29,28.0635341902387,TSA_U,cntl,hns
2039-06-30,28.127638893171547,TSA_U,cntl,hns
2039-07-01,28.279907455864866,TSA_U,cntl,hns
2039-07-02,28.601758459371386,TSA_U,cntl,hns
2039-07-03,28.434117548226148,TSA_U,cntl,hns
2039-07-04,28.33310606666689,TSA_U,cntl,hns
2039-07-05,29.218891953998845,TSA_U,cntl,hns
2039-07-06,29.412745878137333,TSA_U,cntl,hns
2039-07-07,29.481344504504065,TSA_U,cntl,hns
2039-07-08,28.98120640202465,TSA_U,cntl,hns
2039-07-09,29.281948872231077,TSA_U,cntl,hns
2039-07-10,29.035096414768905,TSA_U,cntl,hns
2039-07-11,28.633894278146823,TSA_U,cntl,hns
2039-07-12,28.91087826825797,TSA_U,cntl,hns
2039-07-13,29.328077682541757,TSA_U,cntl,hns
2039-07-14,29.48576449050625,TSA_U,cntl,hns
2039-07-15,29.43280470336997,TSA_U,cntl,hns
2039-07-16,29.433381957097435,TSA_U,cntl,hns
2039-07-17,29.180350554408417,TSA_U,cntl,hns
2039-07-18,28.920350227617487,TSA_U,cntl,hns
2039-07-21,28.654472619176293,TSA_U,cntl,hns
2039-08-08,28.34478753983553,TSA_U,cntl,hns
2039-08-10,28.52208985943796,TSA_U,cntl,hns
2039-08-11,28.04663974029222,TSA_U,cntl,hns
2039-08-14,28.35270097473812,TSA_U,cntl,hns
2039-08-15,28.668533051923795,TSA_U,cntl,hns
2039-08-16,28.19044048534661,TSA_U,cntl,hns
2039-08-17,28.85658754442762,TSA_U,cntl,hns
2039-08-18,28.281197272317137,TSA_U,cntl,hns
2039-08-19,28.470168484258643,TSA_U,cntl,hns
2039-08-20,28.188955637244508,TSA_U,cntl,hns
2039-08-21,28.16811705420268,TSA_U,cntl,hns
2039-08-26,28.583443567189796,TSA_U,cntl,hns
2039-08-27,28.60648758021203,TSA_U,cntl,hns
2039-08-28,28.707926062230012,TSA_U,cntl,hns
2039-08-29,28.66023165482913,TSA_U,cntl,hns
2039-08-30,28.090946598985067,TSA_U,cntl,hns
2039-08-31,28.42867306061061,TSA_U,cntl,hns
2039-09-01,28.292860046427684,TSA_U,cntl,hns
2039-09-02,29.14333274961933,TSA_U,cntl,hns
2039-09-05,28.44630292978057,TSA_U,cntl,hns
2039-09-16,28.124437293287013,TSA_U,cntl,hns
2039-09-17,29.293094660796317,TSA_U,cntl,hns
2039-09-18,29.202860323747792,TSA_U,cntl,hns
2035-06-26,28.5496422484226,TSA_R,cntl,hns
2035-06-27,28.31811800166599,TSA_R,cntl,hns
2035-07-01,28.00738653005896,TSA_R,cntl,hns
2035-07-13,28.07710418565407,TSA_R,cntl,hns
2035-07-15,28.189023813052657,TSA_R,cntl,hns
2035-07-16,28.14086772353306,TSA_R,cntl,hns
2035-07-17,28.46804258843495,TSA_R,cntl,hns
2035-07-18,28.060180724773677,TSA_R,cntl,hns
2036-06-07,28.037734458665216,TSA_R,cntl,hns
2036-08-22,28.788210103766684,TSA_R,cntl,hns
2036-08-23,28.74286995910291,TSA_R,cntl,hns
2036-08-24,28.032247555246176,TSA_R,cntl,hns
2036-08-25,28.28183466004289,TSA_R,cntl,hns
2037-07-26,28.54516461080015,TSA_R,cntl,hns
2037-07-27,28.75373839215563,TSA_R,cntl,hns
2037-07-28,28.44216117950222,TSA_R,cntl,hns
2037-07-29,28.3952907925072,TSA_R,cntl,hns
2037-09-02,28.064124871226007,TSA_R,cntl,hns
2037-09-03,28.06668817338844,TSA_R,cntl,hns
2038-07-04,28.124083676784178,TSA_R,cntl,hns
2038-07-31,28.35332473440936,TSA_R,cntl,hns
2038-08-01,28.220033726353723,TSA_R,cntl,hns
2038-08-16,29.13741391731708,TSA_R,cntl,hns
2038-08-17,29.11943580931709,TSA_R,cntl,hns
2038-08-18,28.852340480616903,TSA_R,cntl,hns
2038-08-21,28.39781077463816,TSA_R,cntl,hns
2038-08-22,28.26360770703677,TSA_R,cntl,hns
2038-08-23,28.25959737748889,TSA_R,cntl,hns
2038-08-24,28.79372697414025,TSA_R,cntl,hns
2038-08-25,28.283538091027356,TSA_R,cntl,hns
2039-06-03,28.260634370562503,TSA_R,cntl,hns
2039-07-06,28.378398860667968,TSA_R,cntl,hns
2039-07-07,28.408438130103843,TSA_R,cntl,hns
2039-07-09,28.488789767672728,TSA_R,cntl,hns
2039-07-10,28.25453745941275,TSA_R,cntl,hns
2039-07-12,28.055631404674784,TSA_R,cntl,hns
2039-07-13,28.284420683105093,TSA_R,cntl,hns
2039-07-14,28.33663517014672,TSA_R,cntl,hns
2039-07-15,28.17239225489536,TSA_R,cntl,hns
2039-07-16,28.16104039760973,TSA_R,cntl,hns
2039-09-02,28.432767593216766,TSA_R,cntl,hns
2039-09-17,28.251001140097475,TSA_R,cntl,hns
